firstSim,secondSim,id1,id2
0.82978725,0.91238093,H01BA,H01BA
0.23529412,0.21364452,Multiple,A11HA
0.11764706,0.4587156,Multiple,A11HA
0.056603774,0.20819113,Multiple,Multiple
0.078431375,0.22039473,Multiple,Multiple
0.12328767,0.30420712,Multiple,Multiple
0.114285715,0.16607143,Multiple,Multiple
0.08,0.21829855,Multiple,Multiple
0.12328767,0.31690142,Multiple,Multiple
0.22727273,0.4473684,A16AA,A16AA
0.33333334,0.8645833,Multiple,A11CC
0.33333334,0.764977,Multiple,A11CC
0.33333334,0.828125,Multiple,A11CC
0.2451613,0.21609196,Multiple,D05AX
0.33333334,0.6238532,Multiple,A11CC
0.33333334,0.9739583,Multiple,A11CC
0.97183096,0.8423423,Multiple,D05AX
0.2244898,0.15930901,A11HA,A11HA
0.06666667,0.17216118,A11HA,Multiple
0.072463766,0.10550459,M01AX,M01AX
0.09803922,0.22705314,M01AX,M01AX
0.04379562,0.12580645,M01AX,Multiple
0.072463766,0.12944984,M01AX,Multiple
0.97183096,0.8030303,A11CC,A11CC
0.97183096,0.9578313,A11CC,A11CC
0.97183096,0.61576355,A11CC,A11CC
0.97183096,0.8385417,A11CC,A11CC
0.09090909,0.11372549,C01EB,C01EB
0.044444446,0.068627454,C01EB,Multiple
0.19512194,0.07762557,C01EB,C01EB
0.07042254,0.13084112,C01EB,Multiple
0.2,0.2433735,N06AX,N06AX
0.16363636,0.2720588,N06AX,Multiple
0.061452515,0.23890063,N06AX,N06AX
0.16363636,0.2195122,N06AX,N06AX
0.05381166,0.20135747,N06AX,N06AX
0.046692606,0.22701149,N06AX,N06AX
0.0625,0.19628099,N06AX,N06AX
0.16666667,0.28521127,N06AX,N06AX
0.06043956,0.25510204,N06AX,N06AX
0.16666667,0.28015563,N06AX,N06AX
0.97183096,0.83246076,A11CC,A11CC
0.97183096,0.7828283,A11CC,A11CC
0.97183096,0.7830189,A11CC,A11CC
0.17886178,0.12851405,C10AX,Multiple
0.07984791,0.10786517,C10AX,C10AX
0.096551724,0.098522164,C10AX,C10AX
0.11111111,0.264574,A11HA,Multiple
0.97183096,0.6212121,A11CC,A11CC
0.97183096,0.85026735,A11CC,A11CC
0.09565217,0.2792208,B02BA,B02BA
0.92,0.9321608,C10AA,C10AA
0.92,0.32462686,C10AA,C10AA
0.92,0.90201,C10AA,C10AA
0.3108108,0.26334518,C10AA,C10AA
0.92,0.2915811,C10AA,C10AA
0.92,0.3068592,C10AA,C10AA
0.95348835,0.2740113,N06AB,Multiple
0.5942029,0.25510204,N06AB,N06AB
0.5857143,0.24509804,N06AB,N06AB
0.9111111,0.23906706,N06AB,N06AB
0.36283186,0.2740113,N06AB,N06AB
0.12244898,0.2,N06AB,N06AB
0.9574468,0.31153846,C09CA,C09CA
0.9574468,0.44646925,C09CA,C09CA
0.9574468,0.39959016,C09CA,C09CA
0.9574468,0.28904846,C09CA,C09CA
0.32142857,0.28650647,C09CA,C09CA
0.9574468,0.58481014,C09CA,C09CA
0.59210527,0.4280079,C09CA,C09CA
0.11764706,0.31784385,C09AA,Multiple
0.9354839,0.51499116,C09AA,C09AA
0.9354839,0.9702233,C09AA,C09AA
0.9354839,0.58317757,C09AA,C09AA
0.9354839,0.8186398,C09AA,C09AA
0.725,0.5271829,C09AA,C09AA
0.725,0.7283372,C09AA,C09AA
0.9354839,0.81885856,C09AA,C09AA
0.9354839,0.5619224,C09AA,C09AA
0.6744186,0.41219512,C09AA,C09AA
0.9354839,0.62056077,C09AA,C09AA
0.9354839,0.65234375,C09AA,C09AA
0.19512194,0.20526315,L01XX,L01XX
0.25,0.11793612,L01XX,L01XX
0.13953489,0.1511254,L01XX,L01XX
0.05882353,0.47826087,L01XX,L01XX
0.088495575,0.123893805,L01XX,Multiple
0.035714287,0.43030304,L01XX,Multiple
0.37142858,0.1283525,L01XX,L01XX
0.14705883,0.18131869,L01XX,L01XX
0.06097561,0.43030304,L01XX,Multiple
0.31034482,0.14196567,L01XX,L01XX
0.41666666,0.031007752,L01XX,L01XX
0.31034482,0.15277778,L01XX,L01XX
0.041493777,0.007874016,L01XX,L01XX
0.09195402,0.36050156,L01XX,L01XX
0.056603774,0.12440191,L01XX,L01XX
0.8888889,0.5635359,Multiple,Multiple
0.8888889,0.5394737,Multiple,Multiple
0.30769232,0.5928753,Multiple,Multiple
0.8888889,0.54605263,Multiple,Multiple
0.8888889,0.4969325,Multiple,Multiple
0.8888889,0.537931,Multiple,Multiple
0.1724138,0.8248408,Multiple,Multiple
0.120300755,0.5394737,Multiple,Multiple
0.8888889,0.8931034,Multiple,Multiple
0.8888889,0.7586207,Multiple,R03BA
0.2601626,0.15568863,M03BX,M03BX
0.07692308,0.3442623,M03BX,M03BX
0.21505377,0.27118644,Multiple,N06BA
0.3974359,0.20588236,Multiple,N06BA
0.27184466,0.7619048,Multiple,N06BA
0.24864864,0.6233766,Multiple,N06BA
0.21505377,0.21719457,Multiple,N06BA
0.26666668,0.0859375,V04CG,V04CG
0.25454545,0.095703125,V04CG,V04CG
0.16494845,0.13989638,Multiple,Multiple
0.78571427,0.31111112,Multiple,N07BA
0.9375,0.2056338,N07AX,Multiple
0.94285715,0.3838384,N05BA,N05BA
0.94285715,0.3181818,N05BA,N05BA
0.94285715,0.55636364,N05BA,N05BA
0.9142857,0.30445546,N05BA,N05BA
0.78571427,0.72357726,N05BA,N05BA
0.9142857,0.68235296,N05BA,N05BA
0.78571427,0.76681614,N05BA,Multiple
0.94285715,0.90865386,N05BA,N05BA
0.94285715,0.51943463,N05BA,N05BA
0.9142857,0.7201646,N05BA,N05BA
0.4047619,0.29159212,N05BA,N05BA
0.9142857,0.65543073,N05BA,N05BA
0.040983606,0.21148825,N05BA,N05BA
0.5945946,0.67839193,C07AB,Multiple
0.5945946,0.7081081,C07AB,Multiple
0.95652175,0.6963351,C07AB,Multiple
0.5945946,0.5586854,C07AB,C07AB
0.06306306,0.43430656,C07AB,C07AB
0.47826087,0.52868855,C07AB,C07AB
0.95652175,0.46846846,C07AB,C07AB
0.5945946,0.5125448,C07AB,C07AB
0.15789473,0.25,L01XX,L01XX
0.10309278,0.20416667,L01XX,L01XX
0.17857143,0.17435898,L01XX,L01XX
0.22222222,0.18307087,L01XX,Multiple
0.107913665,0.16923077,L01XX,Multiple
0.21276596,0.252322,L01XX,L01XX
0.11627907,0.12403101,L01XX,L01XX
0.18518518,0.16923077,L01XX,Multiple
0.20512821,0.31129476,L01XX,L01XX
0.22857143,0.041297935,L01XX,L01XX
0.20512821,0.3057607,L01XX,L01XX
0.10169491,0.01754386,L01XX,L01XX
0.1954023,0.2874016,L01XX,L01XX
0.14193548,0.1375,L01XX,L01XX
0.09756097,0.0990566,N05CM,N05CM
0.09803922,0.09497207,N05CM,Multiple
0.02688172,0.07857143,N05CM,N05CM
0.072916664,0.20588236,Multiple,C01CA
0.048076924,0.38317758,Multiple,C01CA
0.28671327,0.4528302,Multiple,Multiple
0.8490566,0.10461538,Multiple,A08AA
0.072916664,0.43636364,Multiple,C01CA
0.04608295,0.328,Multiple,Multiple
0.072916664,0.36090225,Multiple,C01CA
0.057291668,0.19339623,Multiple,C01CA
0.05042017,0.33333334,Multiple,C01CA
0.5660377,0.32258064,Multiple,A08AA
0.033492822,0.5394737,Multiple,C01CA
0.032786883,0.34745762,Multiple,Multiple
0.05,0.26229507,Multiple,C01CA
0.8490566,0.46153846,Multiple,A08AA
0.5,0.3809524,Multiple,A08AA
0.5471698,0.4848485,Multiple,Multiple
0.072916664,0.78688526,Multiple,C01CA
0.5473684,0.47843137,N02AX,N02AX
0.972973,0.8909091,Multiple,Multiple
0.5945946,0.68421054,Multiple,Multiple
0.972973,0.25,Multiple,Multiple
0.5765766,0.3871951,Multiple,Multiple
0.972973,0.592233,Multiple,C07AB
0.13178295,0.39928058,Multiple,C07AB
0.972973,0.4911032,Multiple,S01ED
0.972973,0.5045045,Multiple,S01ED
0.7826087,0.54393303,Multiple,C07AB
0.5945946,0.45045045,Multiple,C07AB
0.972973,0.43150684,Multiple,C07AB
0.6028708,0.52538633,A10BG,A10BG
0.5119617,0.5592841,A10BG,A10BG
0.5,0.4848485,J05AH,J05AH
0.2125,0.14741036,Multiple,N02BE
0.0390625,0.41767555,G04BE,Multiple
0.017667845,0.24743778,G04BE,Multiple
0.10638298,0.1622465,G04BE,Multiple
0.8648649,0.504142,G04BE,G04BE
0.8888889,0.5900963,G04BE,G04BE
0.68292683,0.28505394,G04BE,Multiple
0.074074075,0.40463918,G04BE,G04BE
0.32380953,0.44444445,C01BD,C01BD
0.3483146,0.34626865,C01BD,C01BD
0.29032257,0.168,C01BD,C01BD
0.85714287,0.9564516,C02AA,C02AA
0.16216215,0.9695024,C02AA,C02AA
0.05319149,0.22222222,B01AC,B01AC
0.8333333,0.6775956,B01AC,B01AC
0.08219178,0.25170067,B01AC,B01AC
0.06593407,0.077922076,B01AC,Multiple
0.10714286,0.18924731,B01AC,B01AC
0.056818184,0.1865285,B01AC,B01AC
0.3,0.22789784,B01AC,B01AC
0.067567565,0.20042644,B01AC,B01AC
0.8333333,0.5292793,B01AC,B01AC
0.8333333,0.25889048,B01AC,B01AC
0.9375,0.3315508,G04BD,G04BD
0.9375,0.28057554,G04BD,G04BD
0.9375,0.47601476,G04BD,G04BD
0.9375,0.24848485,G04BD,G04BD
0.9375,0.2993197,G04BD,G04BD
0.9375,0.29476583,G04BD,G04BD
0.5322581,0.60264903,D10AD,Multiple
0.2994012,0.3484163,C01CA,C01CA
0.96153843,0.33333334,C01CA,C01CA
0.2840909,0.3277311,C01CA,Multiple
0.96153843,0.59134614,C01CA,C01CA
0.16763006,0.27531645,C01CA,C01CA
0.3478261,0.30038023,C01CA,C01CA
0.17486338,0.30882353,C01CA,C01CA
0.20512821,0.35526314,C01CA,Multiple
0.34408602,0.3003413,C01CA,C01CA
0.065789476,0.24267782,C01CA,Multiple
0.96153843,0.19907407,C01CA,C01CA
0.8888889,0.36941582,C09XA,C09XA
0.94736844,0.8654618,A02BC,Multiple
0.94736844,0.76528597,A02BC,A02BC
0.94736844,0.7457306,A02BC,Multiple
0.94736844,0.7592233,A02BC,A02BC
0.9166667,0.27688786,Multiple,C03CA
0.275,0.26785713,Multiple,C03CA
0.5942029,0.28189912,Multiple,N06AB
0.5857143,0.28603604,Multiple,N06AB
0.9111111,0.36312848,Multiple,N06AB
0.36283186,1.0,Multiple,N06AB
0.12244898,0.16513762,Multiple,N06AB
0.375,0.5093023,N02CC,N02CC
0.375,0.46715328,N02CC,N02CC
0.2857143,0.46171695,N02CC,N02CC
0.375,0.56345177,N02CC,N02CC
0.3482143,0.44772726,N02CC,N02CC
0.2857143,0.5395034,N02CC,N02CC
0.04761905,0.16783217,C02CC,Multiple
0.04761905,0.40462428,C02CC,C02CC
0.96428573,0.462,Multiple,Multiple
0.96428573,0.5435898,Multiple,J01MA
0.96428573,0.5692308,Multiple,Multiple
0.96428573,0.50751877,Multiple,J01MA
0.115384616,0.13053097,Multiple,Multiple
0.96428573,0.57323235,Multiple,Multiple
0.96428573,0.5435898,Multiple,Multiple
0.96428573,0.6369427,Multiple,Multiple
0.96428573,0.6333333,Multiple,Multiple
0.96428573,0.6253102,Multiple,J01MA
0.9375,0.42523363,A03AB,A03AB
0.78125,0.25,A03AB,A03AB
0.9375,0.43065694,A03AB,A03AB
0.90909094,0.43065694,A03AB,A03AB
0.9375,0.8605769,A03AB,A03AB
0.78125,0.32300884,A03AB,A03AB
0.9375,0.64253396,A03AB,A03AB
0.4864865,0.72794116,Multiple,Multiple
0.4864865,0.53571427,Multiple,R03AC
0.4864865,0.4525862,Multiple,R03AC
0.5945946,0.65189874,Multiple,Multiple
0.4864865,0.40977442,Multiple,R03AC
0.58666664,0.78911567,Multiple,Multiple
0.5945946,0.4394619,Multiple,Multiple
0.4864865,0.39455783,Multiple,Multiple
0.49438202,0.47191012,Multiple,Multiple
0.4864865,0.43103448,Multiple,R03CC
0.4864865,0.36615384,Multiple,R03AC
0.2897196,0.49014086,A10BB,A10BB
0.32743362,0.3915493,A10BB,A10BB
0.2897196,0.35452324,A10BB,A10BB
0.27040815,0.6277916,A10BB,A10BB
0.25373134,0.5885168,A10BB,A10BB
0.460177,0.48104957,A10BB,Multiple
0.460177,0.5387674,A10BB,A10BB
0.460177,0.4670913,A10BB,A10BB
0.35555556,0.5184136,D07AC,D07AC
0.8888889,0.51428574,D07AC,Multiple
0.8888889,0.88557214,D07AC,Multiple
0.8888889,0.85714287,D07AC,Multiple
0.30769232,0.5934718,D07AC,Multiple
0.8888889,0.67676765,D07AC,Multiple
0.8888889,0.675,D07AC,D07AC
0.8888889,0.79761904,D07AC,Multiple
0.35555556,0.51965064,D07AC,Multiple
0.8888889,0.6219512,D07AC,Multiple
0.8888889,0.4381271,D07AC,Multiple
0.8888889,0.7,D07AC,Multiple
0.8888889,0.74761903,D07AC,Multiple
0.8888889,0.6165644,D07AC,Multiple
0.8888889,0.4347826,D07AC,Multiple
0.1724138,0.48012233,D07AC,Multiple
0.8888889,0.5181518,D07AC,Multiple
0.8888889,0.71480143,D07AC,D07AC
0.92,0.30508474,C10AA,C10AA
0.92,0.9680851,C10AA,C10AA
0.3108108,0.26,C10AA,C10AA
0.92,0.28842106,C10AA,C10AA
0.92,0.2972477,C10AA,C10AA
0.8959538,0.7368421,N01AB,N01AB
0.3147208,0.29545453,N01AB,N01AB
0.8959538,0.62857145,N01AB,N01AB
0.8959538,0.55263156,N01AB,N01AB
0.3768116,0.09253731,N03AX,N03AX
0.6315789,0.057268724,N03AX,N03AX
0.35714287,0.05531915,N03AX,N03AX
0.3220339,0.14166667,N03AX,N03AX
0.7894737,0.6481481,N03AX,N03AX
0.6315789,0.12173913,N03AX,N03AX
0.85714287,0.1958042,N03AX,N03AX
0.94285715,0.2733813,N05CD,N05CD
0.94285715,0.6797153,N05CD,N05CD
0.94285715,0.32041344,N05CD,N05CD
0.9142857,0.3286908,N05CD,N05CD
0.33333334,0.5709091,N05CD,N05CD
0.9142857,0.5680272,N05CD,N05CD
0.9142857,0.73144877,N05CD,N05CD
0.94285715,0.5515873,N05CD,Multiple
0.45833334,0.561674,C03AA,C03AA
0.4032258,0.6438356,C03AA,Multiple
0.9444444,0.5736842,C03AA,C03AA
0.8918919,0.41293532,C03AA,Multiple
0.8918919,0.7757009,C03AA,C03AA
0.5762712,0.95950156,C03AA,C03AA
0.6216216,0.7916667,C03AA,C03AA
0.61702126,0.27123287,N06AX,Multiple
0.07446808,0.21588947,N06AX,N06AX
0.61702126,0.4059406,N06AX,N06AX
0.11764706,0.21763602,N06AX,N06AX
0.101960786,0.18478261,N06AX,N06AX
0.15508021,0.27422303,N06AX,N06AX
0.6304348,0.24806201,N06AX,N06AX
0.16477273,0.21513945,N06AX,N06AX
0.6304348,0.23480663,N06AX,N06AX
0.082840234,0.50955415,C01CE,C01CE
0.875,0.34562212,C01CE,C01CE
0.8888889,0.5020747,Multiple,S01BA
0.8888889,0.6260504,Multiple,Multiple
0.8888889,0.6754386,Multiple,Multiple
0.8888889,0.49107143,Multiple,Multiple
0.8888889,0.6768559,Multiple,Multiple
0.35555556,0.5462555,Multiple,Multiple
0.8888889,0.78838176,Multiple,D07AB
0.8888889,0.7647059,Multiple,Multiple
0.8888889,0.6864407,Multiple,S01BA
0.8888889,0.6764706,Multiple,Multiple
0.120300755,0.6754386,Multiple,Multiple
0.8888889,0.57482994,Multiple,Multiple
0.47887325,0.9235669,L01BB,L01BB
0.11111111,0.21632653,L01BB,L01BB
0.4814815,0.74545455,L01BB,L01BB
0.4225352,0.73848987,L01BB,L01BB
0.058252428,0.29656863,C01EB,Multiple
0.067567565,0.23443224,C01EB,C01EB
0.11578947,0.13732395,C01EB,Multiple
0.8428571,0.16923077,A07EC,A07EC
0.89944136,0.22988506,A07EC,A07EC
0.04347826,0.37254903,A07EC,A07EC
0.54545456,0.5647482,N04AC,Multiple
0.40079364,0.31878558,N05AE,N05AE
0.4389313,0.33003953,N05AE,N05AE
0.13414635,0.5006017,N02CA,N02CA
0.48181817,0.7089552,N02CA,Multiple
0.18283582,0.5775536,N02CA,Multiple
0.65273315,0.2674961,Multiple,N04BC
0.26132405,0.47126436,Multiple,Multiple
0.42071196,0.31601733,Multiple,N04BC
0.48307693,0.50877196,Multiple,Multiple
0.64649683,0.318038,Multiple,Multiple
0.628483,0.6518884,Multiple,N04BC
0.65088755,0.5787671,Multiple,Multiple
0.554717,0.29383886,Multiple,N04BC
0.95652175,0.70873785,Multiple,N03AB
0.95652175,0.74871796,Multiple,N03AB
0.95652175,0.5871212,Multiple,N03AB
0.8888889,0.55707765,S01BA,Multiple
0.8888889,0.53424656,S01BA,Multiple
0.8888889,0.39570552,S01BA,Multiple
0.8888889,0.53636366,S01BA,Multiple
0.35555556,0.89440995,S01BA,Multiple
0.8888889,0.6020408,S01BA,Multiple
0.8888889,0.52380955,S01BA,S01BA
0.8888889,0.56613755,S01BA,Multiple
0.120300755,0.53424656,S01BA,Multiple
0.8888889,0.4280822,S01BA,Multiple
0.7234042,0.22790697,Multiple,Multiple
0.9574468,0.23696682,Multiple,Multiple
0.7234042,0.63492066,Multiple,Multiple
0.9574468,0.23474178,Multiple,Multiple
0.09195402,0.17966102,Multiple,Multiple
0.075,0.18438539,Multiple,Multiple
0.32520324,0.3557047,Multiple,Multiple
0.09411765,0.2260128,L01XX,L01XX
0.0625,0.1375,L01XX,L01XX
0.06306306,0.196,L01XX,Multiple
0.037037037,0.13533835,L01XX,Multiple
0.22857143,0.2834395,L01XX,L01XX
0.1724138,0.15508021,L01XX,L01XX
0.064935066,0.13533835,L01XX,Multiple
0.26923078,0.3089655,L01XX,L01XX
0.3181818,0.032448377,L01XX,L01XX
0.26923078,0.3110119,L01XX,L01XX
0.029288704,0.014705882,L01XX,L01XX
0.071428575,0.24236642,L01XX,L01XX
0.051612902,0.16795866,L01XX,L01XX
0.16666667,0.19865319,L01AD,L01AD
0.5945946,0.7356322,Multiple,Multiple
0.972973,0.6230366,Multiple,C07AB
0.13178295,0.42145595,Multiple,C07AB
0.7826087,0.5882353,Multiple,C07AB
0.5945946,0.48292682,Multiple,C07AB
0.972973,0.43369177,Multiple,C07AB
0.2747253,0.26833072,N04BC,Multiple
0.6932271,0.25657895,N04BC,N04BC
0.98031497,0.31034482,N04BC,Multiple
0.94676805,0.25375938,N04BC,N04BC
0.83164984,0.25330132,N04BC,Multiple
0.58565736,0.31506848,N04BC,N04BC
0.9714286,0.12,G03CA,G03CA
0.9714286,0.12711865,G03CA,Multiple
0.73913044,0.11914894,G03CA,Multiple
0.8095238,0.11328125,G03CA,G03CA
0.73913044,0.11814346,G03CA,Multiple
0.7241379,0.5371179,C08CA,C08CA
0.5121951,0.71391755,C08CA,C08CA
0.8076923,0.71240103,C08CA,C08CA
0.53846157,0.65588915,C08CA,C08CA
0.39814815,0.66270787,C08CA,C08CA
0.74626863,0.6057441,C08CA,C08CA
0.96153843,0.75482094,C08CA,C08CA
0.5494506,0.6703297,C08CA,C08CA
0.8076923,0.7017544,C08CA,C08CA
0.5,0.24390244,V04CG,V04CG
0.44444445,0.1460177,N03AX,N03AX
0.3883495,0.15350877,N03AX,N03AX
0.46575344,0.11859838,N03AX,N03AX
0.4057971,0.076246336,N03AX,N03AX
0.44444445,0.0882353,N03AX,N03AX
0.38235295,0.13383839,N03AX,N03AX
0.9574468,0.4989858,C09CA,C09CA
0.9574468,0.418018,C09CA,C09CA
0.9574468,0.46785715,C09CA,C09CA
0.32142857,0.48423004,C09CA,C09CA
0.9574468,0.32007232,C09CA,C09CA
0.59210527,0.3226837,C09CA,C09CA
0.04964539,0.14376996,L01XX,L01XX
0.08383234,0.28132993,L01XX,Multiple
0.035714287,0.13375796,L01XX,Multiple
0.13978495,0.1797005,L01XX,L01XX
0.054347824,0.12040134,L01XX,L01XX
0.050724637,0.13375796,L01XX,Multiple
0.2,0.24743778,L01XX,L01XX
0.10843374,0.045454547,L01XX,L01XX
0.2,0.24840765,L01XX,L01XX
0.06920415,0.016393442,L01XX,L01XX
0.06993007,0.22566372,L01XX,L01XX
0.13,0.16013072,L01XX,L01XX
0.071428575,0.02283105,Multiple,Multiple
0.6666667,0.69205296,Multiple,R03DA
0.5483871,0.9905213,Multiple,R03DA
0.58064514,0.96313363,Multiple,R03DA
0.5645161,0.9078341,Multiple,Multiple
0.9756098,0.39848486,B01AE,B01AE
0.9756098,0.35180056,B01AE,B01AE
0.96363634,1.0,H03AA,H03AA
0.96363634,1.0,H03AA,Multiple
0.4040404,0.164,C01BA,Multiple
0.6486486,0.27098322,C01BA,C01BA
0.6197183,0.18106996,C01BA,C01BA
0.6197183,0.23529412,C01BA,Multiple
0.20895523,0.53881276,Multiple,N01BB
0.20895523,0.6051282,Multiple,Multiple
0.28025478,0.15819208,Multiple,C01BB
0.36363637,0.19805194,Multiple,Multiple
0.20895523,0.17213115,Multiple,Multiple
0.15789473,0.16256158,Multiple,Multiple
0.25465837,0.14646465,Multiple,Multiple
0.3283582,0.84671533,Multiple,N01BB
0.20895523,0.13157895,Multiple,S01HA
0.20895523,0.14876033,Multiple,Multiple
0.31360948,0.1396648,Multiple,Multiple
0.12886597,0.12222222,Multiple,Multiple
0.20895523,0.62765956,Multiple,N01BB
0.20895523,0.53636366,Multiple,N01BB
0.2247191,0.221519,Multiple,Multiple
0.3283582,0.7419355,Multiple,C01BB
0.20895523,0.13095239,Multiple,Multiple
0.36363637,0.14624506,Multiple,C01BB
0.147929,0.23660715,Multiple,Multiple
0.60465115,0.33579335,Multiple,R06AA
0.9285714,0.40808824,Multiple,R06AA
0.9285714,0.15923567,Multiple,Multiple
0.9285714,0.2745592,Multiple,R06AA
0.18181819,0.1525974,Multiple,Multiple
0.9285714,0.40816328,Multiple,Multiple
0.65,0.64285713,Multiple,Multiple
0.9285714,0.369863,Multiple,Multiple
0.9285714,0.15359478,Multiple,Multiple
0.9285714,0.1574344,Multiple,Multiple
0.9285714,0.1955836,Multiple,Multiple
0.83870965,0.23753665,Multiple,Multiple
0.9285714,0.15476191,Multiple,Multiple
0.48,0.23026316,A10BF,A10BF
0.48,0.22510822,A10BF,A10BF
0.07920792,0.18666667,Multiple,N06AX
0.9574468,0.25949368,Multiple,N06AX
0.18468468,0.13238771,Multiple,N06AX
0.16015625,0.171875,Multiple,N06AX
0.24064171,0.18426967,Multiple,N06AX
0.9361702,0.28806585,Multiple,N06AX
0.24858756,0.21212122,Multiple,N06AX
0.9361702,0.88435376,Multiple,N06AX
0.9714286,0.74452555,G03CA,Multiple
0.73913044,0.6435986,G03CA,Multiple
0.8095238,0.60841423,G03CA,G03CA
0.73913044,0.63917524,G03CA,Multiple
0.8888889,0.49529782,S01EE,S01EE
0.4848485,0.5217391,S01EE,S01EE
0.35555556,0.6424731,D07AC,Multiple
0.35555556,0.5313433,D07AC,Multiple
0.35555556,0.51632047,D07AC,Multiple
0.23376623,0.62077296,D07AC,Multiple
0.35555556,0.79036826,D07AC,Multiple
0.35555556,0.62096775,D07AC,D07AC
0.35555556,0.66288954,D07AC,Multiple
0.95555556,0.35774648,D07AC,Multiple
0.35555556,0.44444445,D07AC,Multiple
0.35555556,0.4764398,D07AC,Multiple
0.35555556,0.42732558,D07AC,Multiple
0.35555556,0.43142858,D07AC,Multiple
0.35555556,0.8725212,D07AC,Multiple
0.35555556,0.57738096,D07AC,Multiple
0.08928572,0.79651165,D07AC,Multiple
0.35555556,0.7267442,D07AC,Multiple
0.35555556,0.71549296,D07AC,D07AC
0.14084508,0.23768736,N01AX,Multiple
0.16455697,0.14671814,N01AX,N01AX
0.14556962,0.2024922,N01AX,Multiple
0.23214285,0.05533597,N01AX,Multiple
0.2413793,0.48824593,L01BA,Multiple
0.29268292,0.49657536,L01BA,L01BA
0.97183096,0.4409091,G03AC,G03AC
0.3472222,0.60251045,G03AC,Multiple
0.4509804,0.89944136,G03AC,Multiple
0.78409094,0.6519337,G03AC,Multiple
0.97183096,0.7704918,G03AC,Multiple
0.32394367,0.89944136,G03AC,G03AC
0.97979796,0.9795571,Multiple,Multiple
0.97979796,0.7819672,Multiple,N02AA
0.7058824,0.16838488,Multiple,Multiple
0.24657534,0.3245997,Multiple,N04BC
0.97979796,0.7385103,Multiple,N02AA
0.047904193,0.52061856,Multiple,R05DA
0.040983606,0.058721934,Multiple,D10AX
0.27173913,0.36453202,Multiple,Multiple
0.116504855,0.21885522,Multiple,Multiple
0.03937008,0.50784075,Multiple,G04BE
0.03968254,0.39778325,Multiple,G04BE
0.969697,0.77133656,Multiple,R05DA
0.15862069,0.29346094,Multiple,Multiple
0.093333334,0.3851175,Multiple,Multiple
0.03937008,0.25851393,Multiple,Multiple
0.2720848,0.45086706,Multiple,N04BC
0.24444444,0.5310421,Multiple,Multiple
0.16141732,0.48060942,Multiple,G04BE
0.959596,0.9712838,Multiple,Multiple
0.3015873,0.34596375,Multiple,N04BC
0.15862069,0.2552167,Multiple,Multiple
0.93333334,0.8818182,N01BB,Multiple
0.35897437,0.2303665,N01BB,Multiple
0.6086956,0.6164383,N01BB,N01BB
0.93333334,0.8584475,N01BB,N01BB
0.93333334,0.99545455,N01BB,N01BB
0.35897437,0.21525885,Multiple,Multiple
0.6086956,0.6923077,Multiple,N01BB
0.93333334,0.96410257,Multiple,N01BB
0.93333334,0.8863636,Multiple,N01BB
0.064935066,0.17028986,S01EX,Multiple
0.82978725,0.64912283,B02AA,B02AA
0.3472222,0.28089887,G03AC,Multiple
0.4509804,0.430622,G03AC,Multiple
0.78409094,0.25853658,G03AC,Multiple
0.97183096,0.3286385,G03AC,Multiple
0.32394367,0.430622,G03AC,G03AC
0.978022,0.5460993,N05CA,N05CA
0.978022,0.6433566,N05CA,N05CA
0.12765957,0.62637365,N05CA,Multiple
0.9270833,0.4522293,N05CA,Multiple
0.978022,0.5460993,N05CA,N05CA
0.978022,0.6060606,N05CA,N05CA
0.978022,0.4117647,N05CA,N05CA
0.978022,0.5598086,N05CA,Multiple
0.11612903,0.15454546,L01XX,Multiple
0.54761904,0.8015267,L01XX,Multiple
0.07692308,0.11132076,L01XX,L01XX
0.1125,0.20111732,L01XX,L01XX
0.77922076,0.8015267,L01XX,Multiple
0.060240965,0.16746412,L01XX,L01XX
0.06329114,0.055555556,L01XX,L01XX
0.060240965,0.18571429,L01XX,L01XX
0.22357723,0.015873017,L01XX,L01XX
0.43564355,0.28023598,L01XX,L01XX
0.19125684,0.1298077,L01XX,L01XX
0.20945945,0.3003096,C01BD,C01BD
0.14876033,0.14977974,C01BD,C01BD
0.7777778,0.37259102,C03BA,C03BA
0.21818182,0.3326087,C03BA,C03BA
0.57894737,0.3685446,C03BA,C03BA
0.978022,0.83495146,N05CA,N05CA
0.12765957,0.36612022,N05CA,Multiple
0.9270833,0.7669903,N05CA,Multiple
0.978022,1.0,N05CA,N05CA
0.978022,0.66,N05CA,N05CA
0.978022,0.55128205,N05CA,N05CA
0.978022,0.44329897,N05CA,Multiple
0.071428575,0.1125,N03AG,N03AG
0.25,0.6097561,N03AG,N03AG
0.95454544,0.5068493,N02CC,N02CC
0.72727275,0.49095607,N02CC,N02CC
0.95454544,0.4398977,N02CC,N02CC
0.8863636,0.4822335,N02CC,N02CC
0.72727275,0.49052134,N02CC,N02CC
0.34736842,0.3148936,L01XE,L01XE
0.76865673,0.6643026,L01XE,L01XE
0.31196582,0.3480084,L01XE,L01XE
0.375,0.33781514,L01XE,L01XE
0.8442623,0.60764587,L01XE,L01XE
0.3815029,0.3108911,L01XE,L01XE
0.30597016,0.3164557,L01XE,Multiple
0.3272727,0.38085938,L01XE,L01XE
0.30597016,0.3125,L01XE,L01XE
0.97979796,0.7697263,Multiple,N02AA
0.7058824,0.16498317,Multiple,Multiple
0.97979796,0.7519747,Multiple,N02AA
0.047904193,0.5177665,Multiple,R05DA
0.969697,0.7849117,Multiple,R05DA
0.959596,0.9915541,Multiple,Multiple
0.27540985,0.48444977,N02CA,Multiple
0.54471546,0.8829152,N02CA,Multiple
0.16117217,0.45736435,N06AA,N06AA
0.096219935,0.2,N06AA,Multiple
0.4981685,0.31219512,N06AA,Multiple
0.43956044,1.0,N06AA,N06AA
0.5674847,0.11051213,N06AA,N06AA
0.36177474,0.31219512,N06AA,N06AA
0.35531136,0.29411766,N06AA,N06AA
0.6196319,0.33333334,N06AA,N06AA
0.48453608,0.31219512,N06AA,N06AA
0.37116563,0.2601626,N06AA,N06AA
0.84615386,0.5638298,N04BX,N04BX
0.8888889,0.92021275,Multiple,Multiple
0.8888889,0.61616164,Multiple,Multiple
0.8888889,0.91052634,Multiple,Multiple
0.8888889,0.72619045,Multiple,Multiple
0.35555556,0.5492958,Multiple,Multiple
0.8888889,0.45070422,Multiple,Multiple
0.8888889,0.70124483,Multiple,D07AB
0.8888889,0.7474227,Multiple,Multiple
0.8888889,0.6535088,Multiple,S01BA
0.8888889,0.73513514,Multiple,Multiple
0.8888889,0.7989691,Multiple,Multiple
0.8888889,0.5613497,Multiple,Multiple
0.120300755,0.92021275,Multiple,Multiple
0.8888889,0.5241379,Multiple,Multiple
0.97979796,0.8937729,N02AA,N02AA
0.3448276,0.25183374,Multiple,Multiple
0.3448276,0.25606468,Multiple,Multiple
0.354067,0.26704547,Multiple,Multiple
0.352,0.26979473,Multiple,M01AB
0.0952381,0.20707071,Multiple,C01EB
0.3448276,0.2523719,Multiple,M01AB
0.3448276,0.21192053,Multiple,Multiple
0.21212122,0.2,A10BA,A10BA
0.20895523,0.31088084,Multiple,Multiple
0.15238096,0.18421052,Multiple,Multiple
0.9375,0.51325303,Multiple,R03BB
0.26347306,0.2769231,Multiple,R05DA
0.74285716,0.37117904,Multiple,Multiple
0.73049647,0.18199234,Multiple,Multiple
0.7111111,0.17977528,Multiple,R05DA
0.7037037,0.163606,Multiple,Multiple
0.2254902,0.1496063,Multiple,N07BC
0.89928055,0.5717593,N05AH,N05AH
0.49280575,0.41584158,N05AH,N05AH
0.8345324,0.4526749,N05AH,N05AH
0.5945946,0.57425743,Multiple,C07AB
0.06306306,0.45210728,Multiple,C07AB
0.47826087,0.5276596,Multiple,C07AB
0.95652175,0.5072464,Multiple,C07AB
0.5945946,0.43157893,Multiple,C07AB
0.20276497,0.14100486,D11AH,Multiple
0.94736844,0.8181818,Multiple,A02BC
0.94736844,0.85831624,Multiple,Multiple
0.94736844,0.80730224,Multiple,A02BC
0.9375,0.3852459,N04AA,N04AA
0.9375,0.3852459,N04AA,N04AA
0.48387095,0.2596154,N04AA,N04AA
0.6,0.36395758,N04AA,N04AA
0.60465115,0.6547619,Multiple,R06AE
0.9285714,0.64705884,Multiple,R06AE
0.74285716,0.5660377,Multiple,Multiple
0.4,0.21524663,R06AX,R06AX
0.49367088,0.36,R06AX,R06AX
0.4,0.20994475,R06AX,Multiple
0.7846154,0.19128329,R06AX,R06AX
0.4,0.26217228,R06AX,R06AX
0.47368422,0.18427518,R06AX,Multiple
0.36263737,0.2749141,R06AX,Multiple
0.4,0.8181818,R06AX,R06AX
0.4,0.23489933,R06AX,R06AX
0.4,0.2093596,R06AX,Multiple
0.4,0.33082706,R06AX,R06AX
0.13580246,0.24324325,N06AA,Multiple
0.3188406,0.25943395,N06AA,Multiple
0.36065573,0.45736435,N06AA,N06AA
0.18333334,0.10810811,N06AA,N06AA
0.34375,0.25943395,N06AA,N06AA
0.2767857,0.5686275,N06AA,N06AA
0.17120622,0.25,N06AA,N06AA
0.27329192,0.25943395,N06AA,N06AA
0.25,0.22222222,N06AA,N06AA
0.9622642,0.25048923,G04CA,G04CA
0.67105263,0.76649743,G04CA,G04CA
0.9117647,0.776699,N03AC,N03AC
0.33333334,0.113970585,A16AX,A16AX
0.94285715,0.24489796,N05BA,N05BA
0.94285715,0.30555555,N05BA,N05BA
0.9142857,0.24285714,N05BA,N05BA
0.78571427,0.4013378,N05BA,N05BA
0.9142857,0.36334404,N05BA,N05BA
0.78571427,0.3892857,N05BA,Multiple
0.94285715,0.3754386,N05BA,N05BA
0.94285715,0.3621795,N05BA,N05BA
0.9142857,0.37666667,N05BA,N05BA
0.4047619,0.24912892,N05BA,N05BA
0.9142857,0.34876543,N05BA,N05BA
0.040983606,0.18604651,N05BA,N05BA
0.057971016,0.15436241,Multiple,Multiple
0.09090909,0.07279693,Multiple,D11AX
0.1,0.15053764,Multiple,Multiple
0.13970588,0.0054347827,Multiple,Multiple
0.2962963,0.62946427,Multiple,Multiple
0.8214286,0.89320385,Multiple,G03DB
0.28089887,0.57281554,Multiple,Multiple
0.3472222,0.69417477,Multiple,Multiple
0.8214286,0.62946427,Multiple,G03AC
0.15151516,0.9808917,G02AB,G02AB
0.60465115,0.83206105,R06AE,R06AE
0.5510204,0.75630254,R06AE,Multiple
0.12727273,0.1849711,M03BB,M03BB
0.7916667,0.27931035,L02BG,L02BG
0.7916667,0.17747441,L02BG,L02BG
0.7916667,0.17687075,L02BG,L02BG
0.16923077,0.5241379,P01BC,Multiple
0.85714287,0.81714284,L01CA,L01CA
0.8,0.9179293,L01CA,L01CA
0.5436508,0.5025126,N05AH,N05AH
0.9206349,0.44717446,N05AH,N05AH
0.062068965,0.22089042,A02BX,A02BX
0.062068965,0.19848771,A02BX,A02BX
0.10843374,0.10261569,A02BX,Multiple
0.60465115,0.8955224,R06AA,R06AA
0.60465115,0.33687,R06AA,R06AA
0.60465115,0.5222222,R06AA,Multiple
0.47272727,0.38139534,R06AA,Multiple
0.60465115,0.4679803,R06AA,Multiple
0.4224138,0.72392637,Multiple,Multiple
0.4509804,0.8545455,Multiple,Multiple
0.275,1.0,Multiple,G03AC
0.2994012,0.7355372,C01CA,C01CA
0.92655367,0.84745765,C01CA,Multiple
0.2994012,0.48407644,C01CA,C01CA
0.2480315,0.33187774,C01CA,C01CA
0.4311377,0.41860464,C01CA,C01CA
0.36363637,0.69,C01CA,C01CA
0.33480176,0.6614173,C01CA,Multiple
0.43712574,0.5464481,C01CA,C01CA
0.031578947,0.50757575,C01CA,Multiple
0.2994012,0.34166667,C01CA,C01CA
0.07920792,0.19252336,N06AX,N06AX
0.65531915,0.3096539,N06AX,N06AX
0.36893204,0.3057325,N06AX,N06AX
0.6347032,0.31560892,N06AX,N06AX
0.07960199,0.19438446,N06AX,N06AX
0.7263682,0.721519,N06AX,N06AX
0.07960199,0.18306637,N06AX,N06AX
0.14492753,0.6520147,R06AD,R06AD
0.5872093,0.5808824,R06AD,Multiple
0.14492753,0.6319444,R06AD,R06AD
0.14492753,0.66536963,R06AD,Multiple
0.14492753,0.43589744,R06AD,Multiple
0.742268,0.15406163,Multiple,Multiple
0.5765766,0.241535,Multiple,Multiple
0.96,0.2414966,Multiple,C07AA
0.94736844,0.25454545,Multiple,C07AA
0.1908397,0.24033149,Multiple,Multiple
0.972973,0.25977013,Multiple,C07AA
0.972973,0.24757281,Multiple,S01ED
0.972973,0.27299702,Multiple,S01ED
0.972973,0.25,Multiple,C07AA
0.972973,0.24213837,Multiple,C07AA
0.13178295,0.26585367,Multiple,C07AA
0.96,0.2607362,Multiple,C07AA
0.05319149,0.27969348,B01AC,B01AC
0.1908397,0.33774835,B01AC,B01AC
0.08074534,0.17325228,B01AC,Multiple
0.0859375,0.19253439,B01AC,B01AC
0.44067797,0.27363184,B01AC,B01AC
0.05102041,0.33398822,B01AC,B01AC
0.4857143,0.3620309,B01AC,B01AC
0.05319149,0.2996454,B01AC,B01AC
0.05319149,0.28103682,B01AC,B01AC
0.9375,1.0,N04AA,N04AA
0.48387095,0.1268116,N04AA,N04AA
0.6,0.72727275,N04AA,N04AA
0.9512195,0.28675136,A04AA,A04AA
0.9512195,0.33984375,A04AA,A04AA
0.7358491,0.3221239,A04AA,A04AA
0.6376812,0.16352202,C01BB,C01BB
0.43564355,0.14096916,C01BB,C01BB
0.114754096,0.1341719,V03AF,V03AF
0.053846154,0.11299435,V03AF,V03AF
0.525,0.5502283,C08CA,C08CA
0.84,0.5861244,C08CA,C08CA
0.56,0.5324948,C08CA,C08CA
0.4056604,0.54211664,C08CA,C08CA
0.5972222,0.6818182,C08CA,C08CA
0.7241379,0.57246375,C08CA,C08CA
0.4329897,0.5320197,C08CA,C08CA
0.84,0.54,C08CA,C08CA
0.16455697,0.21752267,Multiple,Multiple
0.18309858,0.2,Multiple,N06AA
0.112840466,0.24657534,Multiple,N06AA
0.9583333,0.23376623,Multiple,N06DA
0.12987013,0.21752267,Multiple,N06AA
0.9375,0.25661376,Multiple,N06DA
0.18852459,0.24916944,Multiple,N06AA
0.9583333,0.17291066,Multiple,N06DA
0.113970585,0.20338982,Multiple,N06AA
0.15642458,0.21752267,Multiple,N06AA
0.12690355,0.21643835,Multiple,N06AA
0.9375,0.36630037,A03AA,A03AA
0.38271606,0.34274194,C03DB,C03DB
0.85714287,0.8133087,L01DB,L01DB
0.96428573,0.7985213,L01DB,L01DB
0.96428573,0.8133087,L01DB,L01DB
0.96428573,0.76709795,L01DB,L01DB
0.96428573,0.15329768,L01DB,L01DB
0.48387095,0.1268116,N04AA,N04AA
0.6,0.72727275,N04AA,N04AA
0.84615386,0.33333334,H03BB,H03BB
0.8429752,0.6188925,Multiple,N05AL
0.8360656,0.77960527,Multiple,N05AL
0.6666667,0.121875,N04AA,N04AA
0.5675676,0.7237569,C08CA,C08CA
0.3783784,0.774359,C08CA,C08CA
0.36220473,0.8096515,C08CA,C08CA
0.54444444,0.6480447,C08CA,C08CA
0.5121951,0.9125,C08CA,C08CA
0.34710744,0.6515581,C08CA,C08CA
0.5675676,0.80662984,C08CA,C08CA
0.8888889,0.53898305,Multiple,Multiple
0.8888889,0.527027,Multiple,Multiple
0.30769232,0.6363636,Multiple,Multiple
0.8888889,0.569863,Multiple,Multiple
0.8888889,0.6738461,Multiple,D07AC
0.8888889,0.5405405,Multiple,Multiple
0.8888889,0.4814815,Multiple,Multiple
0.8888889,0.6761905,Multiple,Multiple
0.35555556,0.4053156,Multiple,Multiple
0.8888889,0.6868327,Multiple,Multiple
0.8888889,0.52567977,Multiple,Multiple
0.8888889,0.52112675,Multiple,Multiple
0.8888889,0.51369864,Multiple,Multiple
0.8888889,0.613941,Multiple,Multiple
0.8888889,0.56478405,Multiple,Multiple
0.1724138,0.6017192,Multiple,Multiple
0.120300755,0.53898305,Multiple,Multiple
0.8888889,0.5922619,Multiple,Multiple
0.8888889,0.6473829,Multiple,R03BA
0.8888889,0.69753087,Multiple,D07AC
0.78409094,0.8027211,Multiple,Multiple
0.26136363,0.72392637,Multiple,G03AC
0.71428573,0.83838385,R01BA,R01BA
0.30733946,0.3258427,L01XE,L01XE
0.52360517,0.3225,L01XE,L01XE
0.58522725,0.27238807,L01XE,L01XE
0.35148516,0.31984586,L01XE,L01XE
0.7185629,0.3110048,L01XE,L01XE
0.19892474,0.22869955,L01XE,Multiple
0.30882353,0.35388127,L01XE,L01XE
0.19892474,0.23111111,L01XE,L01XE
0.1891892,0.2689655,M05BA,M05BA
0.15,0.17322835,M05BA,M05BA
0.25,0.2704918,M05BA,Multiple
0.17948718,0.1904762,M05BA,M05BA
0.6363636,0.63680387,C08CA,C08CA
0.41584158,0.6599496,C08CA,C08CA
0.6268657,0.68328446,C08CA,C08CA
0.8076923,0.7426901,C08CA,C08CA
0.46153846,0.86513156,C08CA,C08CA
0.95454544,0.6745407,C08CA,C08CA
0.6296296,0.31857142,N05CF,N05CF
0.5555556,0.32524964,N05CF,N05CF
0.9259259,0.94513273,N05CF,N05CF
0.94285715,0.3722826,N05BA,N05BA
0.9142857,0.89341694,N05BA,N05BA
0.78571427,0.32539684,N05BA,N05BA
0.9142857,0.3211488,N05BA,N05BA
0.78571427,0.32303372,N05BA,Multiple
0.94285715,0.31666666,N05BA,N05BA
0.94285715,0.2675,N05BA,N05BA
0.9142857,0.32352942,N05BA,N05BA
0.4047619,0.2622433,N05BA,N05BA
0.9142857,0.33419022,N05BA,N05BA
0.040983606,0.20758928,N05BA,N05BA
0.60465115,0.9179487,R06AB,Multiple
0.3880597,0.7175926,R06AB,Multiple
0.9285714,0.7846154,R06AB,R06AB
0.83870965,0.45,R06AB,Multiple
0.25373134,1.0,Multiple,Multiple
0.38636363,1.0,Multiple,Multiple
0.5854701,0.43020594,N05AH,N05AH
0.77205884,0.5606936,N05AL,N05AL
0.07865169,0.12195122,Multiple,S01EB
0.07954545,0.077120826,Multiple,Multiple
0.32,0.93333334,Multiple,N07AB
0.6,0.114173226,Multiple,Multiple
0.07954545,0.12857144,Multiple,Multiple
0.8359375,0.6234097,A10BG,A10BG
0.68503934,0.25477707,N04BC,Multiple
0.66159695,0.32409012,N04BC,N04BC
0.57912457,0.33138856,N04BC,Multiple
0.63131315,0.36729857,N04BC,N04BC
0.26666668,0.66831684,A10BB,A10BB
0.93939394,0.45421246,A10BB,A10BB
0.21527778,0.5496894,A10BB,A10BB
0.09876543,0.51796407,A10BB,A10BB
0.51666665,0.7817259,A10BB,Multiple
0.51666665,0.4086758,A10BB,A10BB
0.51666665,0.35532996,A10BB,A10BB
0.3875,0.9948186,M03AA,Multiple
0.12765957,0.43548387,N05CA,Multiple
0.9270833,0.65833336,N05CA,Multiple
0.978022,0.83495146,N05CA,N05CA
0.978022,0.776699,N05CA,N05CA
0.978022,0.56969696,N05CA,N05CA
0.978022,0.45588234,N05CA,Multiple
0.9306358,0.8028169,Multiple,N05AA
0.69668245,0.7245763,Multiple,N05AA
0.7307692,0.6732283,Multiple,N05AA
0.9017341,0.77375567,Multiple,N05AA
0.2112676,0.5049505,C03DA,C03DA
0.2753623,0.1910569,N06BA,N06BA
0.375,0.26984128,N06BA,N06BA
0.27272728,0.32984293,N06BA,N06BA
0.9574468,0.800905,N06BA,N06BA
0.9375,0.9249012,A03BA,Multiple
0.7894737,0.3938224,N05CF,N05CF
0.6296296,0.31563422,N05CF,N05CF
0.47272727,0.28901735,R06AX,R06AX
0.9285714,0.30945557,R06AX,Multiple
0.49056605,0.25862068,R06AX,R06AX
0.9285714,0.40711462,R06AX,R06AX
0.53061223,0.20722891,R06AX,Multiple
0.4262295,0.21495327,R06AX,Multiple
0.9285714,0.20564516,R06AX,R06AX
0.9285714,0.36749116,R06AX,R06AX
0.9285714,0.21140142,R06AX,Multiple
0.9285714,0.26870748,R06AX,R06AX
0.25396827,0.76404494,G02AD,G02AD
0.26785713,0.95625,G02AD,G02AD
0.16190477,0.06875,Multiple,D08AE
0.56462586,0.64784056,N05AB,N05AB
0.5608108,0.6632653,N05AB,N05AB
0.56462586,0.9670782,N05AB,N05AB
0.66935486,0.6805556,N05AB,N05AB
0.5253165,0.6380368,N05AB,N05AB
0.47272727,0.24600638,R06AX,Multiple
0.34177214,0.2,R06AX,R06AX
0.47272727,0.36966825,R06AX,R06AX
0.8545455,0.15425532,R06AX,Multiple
0.46153846,0.31836733,R06AX,Multiple
0.47272727,0.3257143,R06AX,R06AX
0.47272727,0.31687242,R06AX,R06AX
0.47272727,0.16272967,R06AX,Multiple
0.47272727,0.33043477,R06AX,R06AX
0.25773194,0.57715434,C03AA,Multiple
0.45833334,0.71391755,C03AA,C03AA
0.47887325,0.32291666,C03AA,Multiple
0.47887325,0.52392346,C03AA,C03AA
0.34736842,0.5675676,C03AA,C03AA
0.33802816,0.5471311,C03AA,C03AA
0.92,0.30710173,C10AA,C10AA
0.3108108,0.34893617,C10AA,C10AA
0.92,0.39646465,C10AA,C10AA
0.92,0.52112675,C10AA,C10AA
0.33333334,0.875,L01BC,L01BC
0.48,0.5866142,L01BC,L01BC
0.8888889,0.96666664,Multiple,Multiple
0.30769232,0.52522254,Multiple,Multiple
0.8888889,0.5993266,Multiple,Multiple
0.8888889,0.5928571,Multiple,D07AC
0.8888889,0.98888886,Multiple,Multiple
0.8888889,0.70149255,Multiple,Multiple
0.8888889,0.7063492,Multiple,Multiple
0.35555556,0.5776699,Multiple,Multiple
0.8888889,0.6785714,Multiple,Multiple
0.8888889,0.45357144,Multiple,Multiple
0.8888889,0.7860963,Multiple,Multiple
0.8888889,0.66071427,Multiple,S01BA
0.8888889,0.7752809,Multiple,Multiple
0.8888889,0.7461929,Multiple,Multiple
0.8888889,0.5460123,Multiple,Multiple
0.8888889,0.45703125,Multiple,Multiple
0.1724138,0.50162864,Multiple,Multiple
0.120300755,1.0,Multiple,Multiple
0.8888889,0.5441696,Multiple,Multiple
0.8888889,0.7703349,Multiple,H02AB
0.8888889,0.46627566,Multiple,R03BA
0.8888889,0.63176894,Multiple,D07AC
0.96428573,0.9295154,L01CB,L01CB
0.85714287,0.98333335,L01DB,L01DB
0.85714287,1.0,L01DB,L01DB
0.85714287,0.9479167,L01DB,L01DB
0.85714287,0.15498155,L01DB,L01DB
0.94736844,0.8259958,A02BC,Multiple
0.94736844,0.94772726,A02BC,A02BC
0.6927711,0.15035799,S01EA,S01EA
0.6927711,0.12765957,S01EA,Multiple
0.8064516,0.42978725,S01EA,Multiple
0.82098764,0.13235295,S01EA,S01EA
0.48087433,0.32872927,Multiple,N05AD
0.04347826,0.11849711,Multiple,N01AX
0.15346535,0.22997417,Multiple,Multiple
0.04310345,0.05,Multiple,Multiple
0.96363634,1.0,H03AA,Multiple
0.094736844,0.2503888,Multiple,Multiple
0.22807017,0.108571425,Multiple,Multiple
0.08609272,0.25172412,N02AB,Multiple
0.11764706,0.2921536,Multiple,C09AA
0.11764706,0.31784385,Multiple,C09AA
0.11764706,0.33450088,Multiple,C09AA
0.11764706,0.3188406,Multiple,C09AA
0.49056605,0.31906614,Multiple,R06AX
0.2,0.3280757,Multiple,C09AA
0.9285714,0.6709265,Multiple,R06AX
0.2,0.311245,Multiple,C09AA
0.53061223,0.26275992,Multiple,Multiple
0.11764706,0.27559054,Multiple,C09AA
0.11764706,0.34991118,Multiple,C09AA
0.4262295,0.32304037,Multiple,Multiple
0.9285714,0.22955145,Multiple,R06AX
0.9285714,0.775641,Multiple,R06AX
0.9285714,0.29198474,Multiple,Multiple
0.13114753,0.21674877,Multiple,C09AA
0.11764706,0.30550918,Multiple,C09AA
0.11764706,0.32118055,Multiple,C09AA
0.9285714,0.2857143,Multiple,R06AX
0.9736842,0.6066667,C02CA,C02CA
0.8695652,0.31219512,Multiple,N06AA
0.41353384,0.2244389,Multiple,N06AA
0.5808383,1.0,Multiple,N06AA
0.70289856,0.23938224,Multiple,N06AA
0.4664179,0.2124183,Multiple,N06AA
0.6779661,1.0,Multiple,N06AA
0.437788,0.80930233,Multiple,N06AA
0.984127,0.8235294,D05BB,D05BB
0.22352941,0.092307694,M01AX,M01AX
0.45801526,0.13653137,M01AX,Multiple
0.9677419,0.18007663,M01AX,Multiple
0.9375,0.75974023,Multiple,Multiple
0.7894737,0.9164179,Multiple,Multiple
0.9375,0.215,Multiple,S01FA
0.9375,0.4017857,Multiple,S01FA
0.978022,0.5654762,N03AA,N03AA
0.9569892,0.41509435,N03AA,Multiple
0.9677419,0.77292573,Multiple,Multiple
0.9677419,0.21108742,Multiple,Multiple
0.5405405,0.35438597,Multiple,Multiple
0.36144578,0.29965156,Multiple,M01AB
0.9677419,0.2782258,Multiple,Multiple
0.9677419,0.42517814,Multiple,M01AB
0.9677419,0.09663866,Multiple,Multiple
0.9677419,0.296,Multiple,S01BC
0.96428573,0.5276243,Multiple,J01MA
0.96428573,0.5175202,Multiple,Multiple
0.96428573,0.6959459,Multiple,J01MA
0.96428573,0.5065617,Multiple,Multiple
0.96428573,0.5276243,Multiple,Multiple
0.96428573,0.46153846,Multiple,Multiple
0.96428573,0.472103,Multiple,Multiple
0.96428573,0.49261084,Multiple,J01MA
0.9677419,0.40827337,M01AC,Multiple
0.9677419,0.40202704,M01AC,M01AC
0.9677419,0.911157,M01AC,M01AC
0.8666667,0.7512563,A04AD,A04AD
0.1724138,0.30860034,A04AD,A04AD
0.10869565,0.2992565,A04AD,Multiple
0.1724138,0.32104453,A04AD,A04AD
0.8666667,0.2641844,R03DC,R03DC
0.35135135,0.2906504,R03DC,R03DC
0.13333334,0.22673032,R03DC,R03DC
0.7125,0.38920453,N06AB,N06AB
0.57746476,0.21556886,N06AB,N06AB
0.46341464,0.28189912,N06AB,N06AB
0.0945946,0.15891473,N06AB,N06AB
0.121212125,0.31979695,Multiple,Multiple
0.12765957,0.36612022,Multiple,N05CA
0.12765957,0.4878049,Multiple,N05CA
0.12765957,0.3114754,Multiple,N05CA
0.12765957,0.42063493,Multiple,Multiple
0.9142857,0.35427135,N05BA,N05BA
0.78571427,0.54063606,N05BA,N05BA
0.9142857,0.5473684,N05BA,N05BA
0.78571427,0.5797665,N05BA,Multiple
0.94285715,0.57915056,N05BA,N05BA
0.94285715,0.42580646,N05BA,N05BA
0.9142857,0.5467626,N05BA,N05BA
0.4047619,0.25900516,N05BA,N05BA
0.9142857,0.5337838,N05BA,N05BA
0.040983606,0.21428572,N05BA,N05BA
0.18468468,0.18495935,N06AX,N06AX
0.16015625,0.17980295,N06AX,N06AX
0.24064171,0.24950495,N06AX,N06AX
0.9361702,0.20869565,N06AX,N06AX
0.24858756,0.19298245,N06AX,N06AX
0.9361702,0.22508039,N06AX,N06AX
0.6650718,0.6268116,N05AA,N05AA
0.6880342,0.604811,N05AA,N05AA
0.9570552,0.66923076,N05AA,N05AA
0.09090909,0.34285715,L04AX,Multiple
0.10852713,0.23916811,L04AX,L04AX
0.37903225,0.49447513,L04AX,L04AX
0.106796116,0.1590214,Multiple,Multiple
0.5769231,0.24507043,Multiple,M01AH
0.12931034,0.20792079,Multiple,L01XX
0.5769231,0.30769232,Multiple,M01AH
0.042735044,0.13650794,Multiple,L01XX
0.118421055,0.1590214,Multiple,Multiple
0.1,0.2553802,Multiple,L01XX
0.093457945,0.029850746,Multiple,L01XX
0.1,0.25310558,Multiple,L01XX
0.15972222,0.01119403,Multiple,L01XX
0.14102565,0.20208333,Multiple,L01XX
0.5769231,0.2486631,Multiple,M01AH
0.5769231,0.24566475,Multiple,M01AH
0.18957347,0.10204082,Multiple,L01XX
0.41333333,0.16856492,M03AC,M03AC
0.45679012,0.17905405,M03AC,M03AC
0.41333333,0.1724138,M03AC,Multiple
0.45333335,0.1875,M03AC,M03AC
0.4021739,0.17464115,M03AC,M03AC
0.45679012,0.16788322,M03AC,M03AC
0.45679012,0.17562725,M03AC,M03AC
0.41333333,0.16788322,M03AC,M03AC
0.9834711,0.41836736,S01EA,Multiple
0.6761364,0.1202346,S01EA,Multiple
0.82733816,0.40849674,S01EA,S01EA
0.1724138,0.30122593,A04AD,A04AD
0.10869565,0.31360948,A04AD,Multiple
0.1724138,0.3023622,A04AD,A04AD
0.96428573,0.954955,J01MA,Multiple
0.96428573,0.39285713,J01MA,J01MA
0.96428573,0.9098712,J01MA,Multiple
0.96428573,1.0,J01MA,Multiple
0.96428573,0.55643046,J01MA,Multiple
0.96428573,0.6144928,J01MA,Multiple
0.96428573,0.8,J01MA,J01MA
0.47761193,0.20108695,Multiple,Multiple
0.7346939,0.15765765,Multiple,C07AA
0.72727275,0.23387097,Multiple,C07AA
0.16233766,0.17993079,Multiple,Multiple
0.742268,0.22222222,Multiple,C07AA
0.742268,0.24820144,Multiple,C07AA
0.742268,0.1762295,Multiple,C07AA
0.1118421,0.19825073,Multiple,C07AA
0.7346939,0.20238096,Multiple,C07AA
0.85714287,0.7822581,A10BF,A10BF
0.9354839,0.5123239,C09AA,C09AA
0.9354839,0.40523884,C09AA,C09AA
0.9354839,0.4231465,C09AA,C09AA
0.725,0.39325842,C09AA,C09AA
0.725,0.42123893,C09AA,C09AA
0.9354839,0.45886654,C09AA,C09AA
0.9354839,0.37254903,C09AA,C09AA
0.6744186,0.31967214,C09AA,C09AA
0.9354839,0.43164364,C09AA,C09AA
0.9354839,0.43464568,C09AA,C09AA
0.9375,0.39285713,G04BD,G04BD
0.9375,0.30612245,G04BD,G04BD
0.9375,0.32658228,G04BD,G04BD
0.9375,0.361829,G04BD,G04BD
0.9375,0.47341773,G04BD,G04BD
0.7340425,0.6814516,L02BB,L02BB
0.7340425,0.38509318,L02BB,L02BB
0.9677419,0.18906605,Multiple,Multiple
0.5405405,0.41666666,Multiple,Multiple
0.36144578,0.34016395,Multiple,M01AB
0.9677419,0.34158415,Multiple,Multiple
0.9677419,0.36117935,Multiple,M01AB
0.9677419,0.3272727,Multiple,Multiple
0.71428573,0.13968255,Multiple,Multiple
0.8450704,0.33744857,Multiple,Multiple
0.9677419,0.37037036,Multiple,Multiple
0.9677419,0.3,Multiple,Multiple
0.45801526,0.24358974,Multiple,Multiple
0.9677419,0.16167665,Multiple,Multiple
0.875,0.3768997,A02BA,A02BA
0.875,0.2955224,A02BA,Multiple
0.875,0.23142858,A02BA,A02BA
0.08571429,0.09090909,A02BA,Multiple
0.875,0.15466666,A02BA,A02BA
0.78125,0.35031846,A03AB,A03AB
0.9375,0.18345323,A03AB,A03AB
0.90909094,0.18345323,A03AB,A03AB
0.9375,0.39655173,A03AB,A03AB
0.78125,0.475,A03AB,A03AB
0.9375,0.29310346,A03AB,A03AB
0.55185187,0.6118421,N05AA,N05AA
0.6813725,0.6618182,N05AA,N05AA
0.1590909,0.28600407,Multiple,C10AX
0.10569106,0.19344263,Multiple,C10AX
0.9512195,0.90697676,C01AA,C01AA
0.9512195,0.93957704,C01AA,Multiple
0.04819277,0.5904762,R05DA,R05DA
0.048484847,0.51342285,R05DA,Multiple
0.8666667,0.67449665,P02CA,P02CA
0.9354839,0.58022386,C09AA,C09AA
0.9354839,0.8186398,C09AA,C09AA
0.725,0.5221675,C09AA,C09AA
0.725,0.7364706,C09AA,C09AA
0.9354839,0.84634763,C09AA,C09AA
0.9354839,0.5590406,C09AA,C09AA
0.6744186,0.40875912,C09AA,C09AA
0.9354839,0.63276833,C09AA,C09AA
0.9354839,0.65234375,C09AA,C09AA
0.5714286,0.33445945,Multiple,C07AA
0.5663717,0.46534654,Multiple,C07AA
0.50406504,0.32686982,Multiple,Multiple
0.5765766,0.4271605,Multiple,C07AA
0.5765766,0.49041095,Multiple,S01ED
0.5765766,0.39939025,Multiple,S01ED
0.5765766,0.50621116,Multiple,C07AA
0.5765766,0.336478,Multiple,C07AA
0.446281,0.32289156,Multiple,C07AA
0.5714286,0.34042552,Multiple,C07AA
0.047945205,0.11174242,Multiple,L01XX
0.06666667,0.18994413,Multiple,L01XX
0.52380955,1.0,Multiple,Multiple
0.036231883,0.16613418,Multiple,L01XX
0.03731343,0.06504065,Multiple,L01XX
0.036231883,0.18003565,Multiple,L01XX
0.25795054,0.016129032,Multiple,L01XX
0.2820513,0.27058825,Multiple,L01XX
0.18695652,0.15346535,Multiple,L01XX
0.25454545,0.38336715,C03BA,C03BA
0.6315789,0.73866665,C03BA,C03BA
0.2920354,0.26760563,Multiple,Multiple
0.5641026,0.21383648,Multiple,N01BB
0.35897437,0.30333334,Multiple,S01HA
0.35897437,0.34754097,Multiple,Multiple
0.37190083,0.3067633,Multiple,Multiple
0.35897437,0.2093664,Multiple,N01BB
0.35897437,0.23298429,Multiple,N01BB
0.35897437,0.21886793,Multiple,Multiple
0.11290322,0.24242425,Multiple,Multiple
0.27722773,0.8358586,C08CA,C08CA
0.41791046,0.56585366,C08CA,C08CA
0.53846157,0.78494626,C08CA,C08CA
0.30769232,0.5756824,C08CA,C08CA
0.6363636,0.72195125,C08CA,C08CA
0.28244275,0.3398693,L01XE,L01XE
0.34020618,0.3173242,L01XE,L01XE
0.7162162,0.5117647,L01XE,L01XE
0.32673267,0.3126294,L01XE,L01XE
0.28301886,0.30835736,L01XE,Multiple
0.2849741,0.4087137,L01XE,L01XE
0.28301886,0.30440968,L01XE,L01XE
0.95652175,0.78971964,N03AB,N03AB
0.95652175,0.58419245,N03AB,N03AB
0.9677419,0.3740458,M01AH,M01AH
0.9677419,0.17737003,M01AH,M01AH
0.9677419,0.31698114,M01AH,M01AH
0.96428573,0.40265486,Multiple,J01MA
0.12371134,0.22815534,Multiple,Multiple
0.115384616,0.13576159,Multiple,Multiple
0.96428573,0.9279661,Multiple,Multiple
0.96428573,0.954955,Multiple,Multiple
0.15686275,0.18227848,Multiple,Multiple
0.96428573,0.5541237,Multiple,Multiple
0.96428573,0.61079544,Multiple,Multiple
0.96428573,0.83773583,Multiple,J01MA
0.44,0.11051213,N06AA,N06AA
0.6423841,0.31219512,N06AA,N06AA
0.795082,0.29411766,N06AA,N06AA
0.46692607,0.33333334,N06AA,N06AA
0.7453416,0.31219512,N06AA,N06AA
0.4368932,0.2601626,N06AA,N06AA
0.8,0.8376168,L01CA,L01CA
0.9354839,0.57200813,C09AA,C09AA
0.725,0.50537634,C09AA,C09AA
0.725,0.5449219,C09AA,C09AA
0.9354839,0.4664179,C09AA,C09AA
0.9354839,0.52461797,C09AA,C09AA
0.6744186,0.28194726,C09AA,C09AA
0.9354839,0.5540541,C09AA,C09AA
0.9354839,0.5263158,C09AA,C09AA
0.3309091,0.2244389,N06AA,N06AA
0.37551022,0.10739857,N06AA,N06AA
0.76785713,0.1981352,N06AA,N06AA
0.52290076,0.2244389,N06AA,N06AA
0.33118972,0.254717,N06AA,N06AA
0.9375,0.15899582,N07AA,N07AA
0.9375,0.3611111,N07AA,Multiple
0.7619048,0.30806845,N05BA,N05BA
0.9411765,0.30750605,N05BA,N05BA
0.7619048,0.3015464,N05BA,Multiple
0.9142857,0.29923275,N05BA,N05BA
0.9142857,0.25813952,N05BA,N05BA
0.9411765,0.30617285,N05BA,N05BA
0.41463414,0.2737003,N05BA,N05BA
0.9411765,0.31980908,N05BA,N05BA
0.041322313,0.21052632,N05BA,N05BA
0.30769232,0.5192878,Multiple,Multiple
0.8888889,0.5819398,Multiple,Multiple
0.8888889,0.58007115,Multiple,D07AC
0.8888889,0.68503934,Multiple,Multiple
0.35555556,0.5603865,Multiple,Multiple
0.8888889,0.66964287,Multiple,Multiple
0.8888889,0.44128114,Multiple,Multiple
0.8888889,0.7659575,Multiple,Multiple
0.8888889,0.72727275,Multiple,Multiple
0.8888889,0.5304878,Multiple,Multiple
0.8888889,0.44921875,Multiple,Multiple
0.1724138,0.4854369,Multiple,Multiple
0.8888889,0.5263158,Multiple,Multiple
0.8888889,0.61870503,Multiple,D07AC
0.35135135,0.31740615,R03DC,R03DC
0.13333334,0.2616279,R03DC,R03DC
0.12765957,0.05882353,G04BX,G04BX
0.11904762,0.099029124,L01XX,L01XX
0.07954545,0.11174242,L01XX,Multiple
0.24324325,0.36397985,L01XX,L01XX
0.27272728,0.021097047,L01XX,L01XX
0.24324325,0.32853404,L01XX,L01XX
0.06147541,0.010548524,L01XX,L01XX
0.15730338,0.27228525,L01XX,L01XX
0.10691824,0.12692308,L01XX,L01XX
0.5405405,0.16473317,Multiple,Multiple
0.9677419,0.118863046,Multiple,Multiple
0.9677419,0.1378446,Multiple,Multiple
0.71428573,0.18949772,Multiple,Multiple
0.9677419,0.72813237,Multiple,M01AC
0.8450704,0.20544554,Multiple,Multiple
0.9677419,0.11968085,Multiple,Multiple
0.9677419,0.098958336,Multiple,Multiple
0.9677419,0.09275363,Multiple,Multiple
0.45801526,0.22767857,Multiple,Multiple
0.9677419,0.29411766,Multiple,Multiple
0.9677419,0.39291736,Multiple,M01AC
0.9677419,0.15789473,Multiple,S01BC
0.34146342,0.14285715,N03AX,N03AX
0.2982456,0.08239701,N03AX,N03AX
0.6,0.052401748,N03AX,N03AX
0.93333334,0.106299214,N03AX,N03AX
0.6486486,0.10616438,N03AX,N03AX
0.974359,0.3904209,C02KX,C02KX
0.4864865,0.44064748,Multiple,L01BA
0.19512194,0.2816189,Multiple,L04AX
0.050847456,0.32579187,Multiple,L04AX
0.95652175,0.297561,N03AF,N03AF
0.6888889,0.2580645,M03AC,M03AC
0.93939394,0.819797,M03AC,Multiple
0.8611111,0.71596247,M03AC,M03AC
0.5535714,0.8108747,M03AC,M03AC
0.6888889,0.23700623,M03AC,M03AC
0.6888889,0.23565574,M03AC,M03AC
0.93939394,0.23700623,M03AC,M03AC
0.82857144,0.83760685,N07CA,N07CA
0.15384616,0.25,N07CA,N07CA
0.9350649,0.59876543,C07AA,C07AA
0.18939394,0.5473684,C07AA,Multiple
0.96,0.34129694,C07AA,C07AA
0.96,0.47783253,C07AA,C07AA
0.96,0.69014084,C07AA,C07AA
0.13076924,0.4,C07AA,C07AA
0.97333336,0.62025315,C07AA,C07AA
0.7894737,0.7005988,Multiple,Multiple
0.9375,0.22619048,Multiple,S01FA
0.9375,0.4489051,Multiple,S01FA
0.9677419,0.4437086,M01AE,Multiple
0.9677419,0.47530866,M01AE,Multiple
0.9677419,0.33157894,M01AE,M01AE
0.9677419,0.21708184,M01AE,M01AE
0.9677419,0.40136054,M01AE,Multiple
0.9677419,0.38,M01AE,Multiple
0.9677419,0.28936172,M01AE,M01AE
0.29927006,0.17464788,Multiple,A08AA
0.18978103,0.25694445,Multiple,A08AA
0.29927006,0.40939596,Multiple,A08AA
0.5263158,0.84126985,Multiple,A08AA
0.6761364,0.14345992,Multiple,Multiple
0.82733816,0.9161677,Multiple,S01EA
0.9504132,0.17826086,Multiple,C02AC
0.63829786,0.21383648,A08AA,A08AA
0.9574468,0.17897727,A08AA,A08AA
0.5394737,0.17473118,A08AA,A08AA
0.9677419,0.18098159,M01AH,M01AH
0.9677419,0.31203008,M01AH,M01AH
0.725,0.5377698,C09AA,C09AA
0.725,0.78074867,C09AA,C09AA
0.9354839,0.6649874,C09AA,C09AA
0.9354839,0.6137787,C09AA,C09AA
0.6744186,0.48680353,C09AA,C09AA
0.9354839,0.63244355,C09AA,C09AA
0.9354839,0.72383076,C09AA,C09AA
0.875,0.35967302,A02BA,Multiple
0.875,0.35890412,A02BA,A02BA
0.08571429,0.09287926,A02BA,Multiple
0.875,0.16627635,A02BA,A02BA
0.08943089,0.15837105,Multiple,D11AX
0.28504673,0.32900432,Multiple,M01AB
0.5405405,0.32804233,Multiple,Multiple
0.5405405,0.31527093,Multiple,M01AB
0.5405405,0.32038835,Multiple,Multiple
0.45112783,0.14141414,Multiple,Multiple
0.5,0.43192488,Multiple,Multiple
0.5405405,0.320442,Multiple,Multiple
0.5405405,0.3114754,Multiple,Multiple
0.09322034,0.13802817,Multiple,Multiple
0.07511737,0.00625,Multiple,Multiple
0.5405405,0.08938547,Multiple,Multiple
0.40350878,0.2646048,Multiple,Multiple
0.5405405,0.15360501,Multiple,Multiple
0.5405405,0.32307693,Multiple,S01BC
0.30769232,0.6484375,Multiple,Multiple
0.30769232,0.730659,Multiple,D07AC
0.30769232,0.53115726,Multiple,Multiple
0.30769232,0.7345133,Multiple,Multiple
0.23376623,0.33425415,Multiple,Multiple
0.30769232,0.46703297,Multiple,Multiple
0.30769232,0.44871795,Multiple,Multiple
0.30769232,0.42196533,Multiple,Multiple
0.30769232,0.45086706,Multiple,Multiple
0.30769232,0.67171717,Multiple,Multiple
0.30769232,0.4390244,Multiple,Multiple
0.28301886,0.51715684,Multiple,Multiple
0.20394737,0.52522254,Multiple,Multiple
0.30769232,0.51399493,Multiple,Multiple
0.30769232,0.5555556,Multiple,R03BA
0.30769232,0.74285716,Multiple,D07AC
0.44745764,0.5238678,Multiple,Multiple
0.46285716,0.5119904,Multiple,Multiple
0.8888889,0.67655784,Multiple,D07AC
0.8888889,0.6060606,Multiple,Multiple
0.8888889,0.7210031,Multiple,Multiple
0.35555556,0.3875,Multiple,Multiple
0.8888889,0.49096385,Multiple,Multiple
0.8888889,0.45303866,Multiple,Multiple
0.8888889,0.48039216,Multiple,Multiple
0.8888889,0.51076925,Multiple,S01BA
0.8888889,0.46464646,Multiple,Multiple
0.8888889,0.5130719,Multiple,Multiple
0.8888889,0.9110429,Multiple,Multiple
0.8888889,0.5232198,Multiple,Multiple
0.1724138,0.75757575,Multiple,Multiple
0.120300755,0.5993266,Multiple,Multiple
0.8888889,0.8169935,Multiple,Multiple
0.8888889,0.7147147,Multiple,D07AC
0.07936508,0.03257329,Multiple,R03DA
0.16129032,0.234375,Multiple,P02CB
0.11363637,0.03196347,Multiple,R03DA
0.10869565,0.045045044,Multiple,R03DA
0.11111111,0.023255814,Multiple,Multiple
0.9411765,0.26143792,N03AD,N03AD
0.8888889,0.8055556,D07AC,Multiple
0.35555556,0.3651316,D07AC,Multiple
0.8888889,0.5481728,D07AC,Multiple
0.8888889,0.49698794,D07AC,Multiple
0.8888889,0.4773519,D07AC,Multiple
0.8888889,0.5121951,D07AC,Multiple
0.8888889,0.6875,D07AC,Multiple
0.8888889,0.5230263,D07AC,Multiple
0.1724138,0.5263158,D07AC,Multiple
0.8888889,0.53197676,D07AC,Multiple
0.8888889,0.78289473,D07AC,D07AC
0.6666667,0.19088319,C07AG,C07AG
0.9270833,0.7669903,Multiple,N05CA
0.9270833,0.5304348,Multiple,N05CA
0.9270833,0.4651163,Multiple,N05CA
0.9270833,0.3809524,Multiple,Multiple
0.2647059,0.12582782,D11AX,Multiple
0.091603056,0.010416667,D11AX,Multiple
0.32394367,0.8545455,Multiple,G03AC
0.06936416,0.3632184,A03FA,A03FA
0.18987341,0.42048517,A03FA,A03FA
0.077922076,0.35560346,A03FA,A03FA
0.36144578,0.23167849,M01AB,M01AB
0.4032258,0.5055679,Multiple,C03AA
0.4032258,0.3542977,Multiple,Multiple
0.4032258,0.62406015,Multiple,C03AA
0.74603176,0.6596244,Multiple,C03AA
0.24193548,0.61945033,Multiple,C03AA
0.2840909,0.65217394,C01CA,Multiple
0.96153843,0.5283019,C01CA,C01CA
0.16763006,0.29098362,C01CA,C01CA
0.3478261,0.40331492,C01CA,C01CA
0.17486338,0.5169492,C01CA,C01CA
0.20512821,0.51369864,C01CA,Multiple
0.34408602,0.50256413,C01CA,C01CA
0.065789476,0.65873015,C01CA,Multiple
0.96153843,0.40163934,C01CA,C01CA
0.16071428,0.5889328,N02AF,N02AF
0.13178295,0.39208633,C07AB,C07AB
0.7826087,0.48582995,C07AB,C07AB
0.5945946,0.45454547,C07AB,C07AB
0.972973,0.39130434,C07AB,C07AB
0.4537445,0.37281552,L01XE,L01XE
0.3117409,0.3840156,L01XE,L01XE
0.543379,0.3907767,L01XE,L01XE
0.17596567,0.24193548,L01XE,Multiple
0.5588235,0.63492066,L01XE,L01XE
0.17596567,0.24057971,L01XE,L01XE
0.8888889,0.7029703,Multiple,Multiple
0.8888889,0.7007874,Multiple,Multiple
0.35555556,0.5797101,Multiple,Multiple
0.8888889,0.68,Multiple,Multiple
0.8888889,0.455516,Multiple,Multiple
0.8888889,0.66803277,Multiple,D07AB
0.8888889,0.7777778,Multiple,Multiple
0.8888889,0.65486723,Multiple,S01BA
0.8888889,0.76666665,Multiple,Multiple
0.8888889,0.7386935,Multiple,Multiple
0.8888889,0.5521472,Multiple,Multiple
0.1724138,0.5081433,Multiple,Multiple
0.120300755,0.98888886,Multiple,Multiple
0.8888889,0.55123675,Multiple,Multiple
0.8888889,0.76303315,Multiple,H02AB
0.8888889,0.47214076,Multiple,R03BA
0.4954955,0.5984655,C08CA,C08CA
0.39814815,0.8225352,C08CA,C08CA
0.30136988,0.5968992,C08CA,C08CA
0.41584158,0.739899,C08CA,C08CA
0.68390805,0.97318006,N05AB,N05AB
0.9863946,0.6744186,N05AB,N05AB
0.829932,0.7056856,N05AB,N05AB
0.67403316,0.5642458,N05AB,N05AB
0.47260273,0.7409639,Multiple,G03BA
0.97183096,0.68393785,Multiple,G03BA
0.97183096,0.99242425,Multiple,Multiple
0.08,0.4369847,Multiple,Multiple
0.123595506,0.12903225,Multiple,J01XX
0.7619048,0.70703125,N05BA,N05BA
0.95238096,0.7478261,N05BA,Multiple
0.78571427,0.76086956,N05BA,N05BA
0.78571427,0.5103448,N05BA,N05BA
0.7619048,0.6904762,N05BA,N05BA
0.5714286,0.28521127,N05BA,N05BA
0.7619048,0.6605166,N05BA,N05BA
0.03875969,0.21025641,N05BA,N05BA
0.17857143,0.30882353,M05BA,M05BA
0.6666667,0.5322581,M05BA,Multiple
0.53488374,0.14583333,M05BA,M05BA
0.18181819,0.21305183,L01BB,L01BB
0.6666667,0.7597173,L01BB,L01BB
0.8333333,0.7531306,L01BB,L01BB
0.0625,0.21190476,N05CM,Multiple
0.22553192,0.19714285,N05CM,N05CM
0.35555556,0.5948718,Multiple,Multiple
0.8888889,0.44485295,Multiple,Multiple
0.8888889,0.849711,Multiple,Multiple
0.8888889,0.76608187,Multiple,Multiple
0.8888889,0.8032787,Multiple,Multiple
0.1724138,0.51525426,Multiple,Multiple
0.120300755,0.70149255,Multiple,Multiple
0.8888889,0.5608856,Multiple,Multiple
0.8888889,0.7198068,Multiple,H02AB
0.97727275,0.77862597,Multiple,C10AB
0.97727275,0.36312848,Multiple,C10AB
0.6466165,0.3876652,Multiple,C10AB
0.49056605,0.29082775,R06AX,R06AX
0.369863,0.38314176,R06AX,Multiple
0.33333334,0.28902954,R06AX,Multiple
0.49056605,0.20092379,R06AX,R06AX
0.49056605,0.2991453,R06AX,R06AX
0.49056605,0.3123878,R06AX,Multiple
0.49056605,0.3112583,R06AX,R06AX
0.055555556,0.08492569,C01EB,Multiple
0.3108108,0.2611111,C10AA,C10AA
0.92,0.29032257,C10AA,C10AA
0.92,0.2966418,C10AA,C10AA
0.875,0.79040855,Multiple,H01CA
0.31111112,0.33918127,Multiple,Multiple
0.93333334,0.33333334,Multiple,Multiple
0.116883114,0.18994413,L01XX,Multiple
0.15625,0.12361331,L01XX,L01XX
0.17857143,0.04761905,L01XX,L01XX
0.15625,0.118673645,L01XX,L01XX
0.041666668,0.009615385,L01XX,L01XX
0.105882354,0.15449437,L01XX,L01XX
0.030864198,0.08163265,L01XX,L01XX
0.055555556,0.10151188,V03AF,V03AF
0.58928573,0.6986755,R03DA,R03DA
0.625,0.71854305,R03DA,R03DA
0.6363636,0.678808,R03DA,Multiple
0.4848485,0.5730337,S01EE,S01EE
0.73913044,0.84931505,Multiple,Multiple
0.9714286,0.14351852,Multiple,Multiple
0.8095238,0.77178425,Multiple,G03CA
0.73913044,0.84162897,Multiple,Multiple
0.4857143,0.2962963,N06AX,N06AX
0.8153153,0.5344828,N06AX,N06AX
0.18552037,0.20289855,N06AX,N06AX
0.77375567,0.2807377,N06AX,N06AX
0.18552037,0.124087594,N06AX,N06AX
0.37068966,0.09426987,N07BB,N07BB
0.08219178,0.14728682,N07BB,Multiple
0.35555556,0.43010753,Multiple,Multiple
0.8888889,0.53583616,Multiple,Multiple
0.8888889,0.56677526,Multiple,Multiple
0.8888889,0.5632184,Multiple,Multiple
0.8888889,0.6015326,Multiple,Multiple
0.8888889,0.7409639,Multiple,Multiple
0.8888889,0.5520833,Multiple,Multiple
0.1724138,0.55976677,Multiple,Multiple
0.120300755,0.7063492,Multiple,Multiple
0.8888889,0.5723077,Multiple,Multiple
0.8888889,0.89891696,Multiple,D07AC
0.97183096,0.3530928,L02BB,L02BB
0.2840909,0.4342857,Multiple,C01CA
0.28346458,0.40434784,Multiple,C01CA
0.4090909,0.50574714,Multiple,C01CA
0.7556818,0.4063927,Multiple,Multiple
0.082987554,0.16763006,Multiple,Multiple
0.7556818,0.14,Multiple,S01EA
0.35059762,0.58474576,Multiple,C01CA
0.09243698,0.18042813,Multiple,Multiple
0.3164557,0.7890625,Multiple,Multiple
0.030303031,0.1875,Multiple,Multiple
0.40677965,0.64480877,Multiple,C01CA
0.030150754,0.6074074,Multiple,Multiple
0.2840909,0.432,Multiple,C01CA
0.77840906,0.33173078,Multiple,Multiple
0.7556818,0.3262032,Multiple,Multiple
0.72727275,0.9032258,N02CC,N02CC
0.95454544,0.48137537,N02CC,N02CC
0.8863636,0.49444443,N02CC,N02CC
0.72727275,0.4116223,N02CC,N02CC
0.9375,0.15526316,A02BX,A02BX
0.10843374,0.12420382,A02BX,Multiple
0.26666668,0.41960785,A10BB,A10BB
0.28082192,0.45454547,A10BB,A10BB
0.292517,0.41317365,A10BB,A10BB
0.71666664,0.73626375,A10BB,Multiple
0.71666664,0.3257403,A10BB,A10BB
0.71666664,0.3166227,A10BB,A10BB
0.29545453,0.35701275,A04AD,Multiple
0.9047619,0.7126654,A04AD,A04AD
0.9375,0.35130435,N06DA,N06DA
0.9583333,0.23090278,N06DA,N06DA
0.48920864,0.17088607,L02BA,L02BA
0.9574468,0.48296595,C09CA,C09CA
0.9574468,0.46502835,C09CA,C09CA
0.32142857,0.45086706,C09CA,C09CA
0.9574468,0.3910387,C09CA,C09CA
0.59210527,0.38230088,C09CA,C09CA
0.55801105,0.6376812,N05AC,N05AC
0.41558442,0.6042945,N05AC,N05AC
0.7569061,0.69486403,N05AC,N05AC
0.94285715,0.35714287,N05CD,N05CD
0.94285715,0.57393485,N05CD,N05CD
0.9142857,0.5631579,N05CD,N05CD
0.33333334,0.25342464,N05CD,N05CD
0.9142857,0.31363636,N05CD,N05CD
0.9142857,0.30537635,N05CD,N05CD
0.94285715,0.22115384,N05CD,Multiple
0.96428573,0.43015522,J01MA,Multiple
0.96428573,0.39285713,J01MA,Multiple
0.96428573,0.42882884,J01MA,Multiple
0.96428573,0.417603,J01MA,Multiple
0.96428573,0.4527897,J01MA,J01MA
0.19548872,0.4692029,C05BA,Multiple
0.15189873,0.36336336,L04AA,L04AA
0.9047619,0.8613569,L04AA,L04AA
0.06818182,0.1780822,L04AA,L04AA
0.15189873,0.36077845,L04AA,Multiple
0.94285715,0.37772396,N05CD,N05CD
0.9142857,0.36479592,N05CD,N05CD
0.33333334,0.58576053,N05CD,N05CD
0.9142857,0.65286624,N05CD,N05CD
0.9142857,0.73417723,N05CD,N05CD
0.94285715,0.46732026,N05CD,Multiple
0.95,0.48129252,C09AA,C09AA
0.725,0.42200327,C09AA,C09AA
0.725,0.84528303,C09AA,C09AA
0.62,0.26465365,C09AA,C09AA
0.725,0.5313936,C09AA,C09AA
0.725,0.5368917,C09AA,C09AA
0.08383234,0.11637931,Multiple,V03AB
0.8986486,0.2570281,Multiple,Multiple
0.12037037,0.026041666,Multiple,Multiple
0.1392405,0.23260869,Multiple,Multiple
0.2747253,0.19763513,Multiple,V03AB
0.08695652,0.29072165,Multiple,V03AB
0.09876543,0.10697675,Multiple,V03AB
0.070063695,0.05529954,Multiple,V03AB
0.96428573,0.98333335,L01DB,L01DB
0.96428573,0.96398306,L01DB,L01DB
0.96428573,0.15730338,L01DB,L01DB
0.275,0.4168798,C03CA,C03CA
0.040268455,0.09090909,M03BX,M03BX
0.114285715,0.586747,C04AE,C04AE
0.2535211,0.36862746,S01EC,S01EC
0.9,0.19001919,S01EC,S01EC
0.9,0.11742424,S01EC,S01EC
0.9,0.18281536,S01EC,S01EC
0.054545455,0.0669145,N07BB,Multiple
0.67105263,0.24474187,G04CA,G04CA
0.96938777,0.5677083,N01AH,N01AH
0.969697,0.6744186,N01AH,Multiple
0.969697,0.6728395,N01AH,N01AH
0.96938777,0.31062672,N01AH,N01AH
0.9677419,0.5037037,Multiple,Multiple
0.71428573,0.12033195,Multiple,Multiple
0.9677419,0.47619048,Multiple,M01AE
0.8450704,0.19796954,Multiple,Multiple
0.9677419,0.14179105,Multiple,M01AE
0.9677419,0.63461536,Multiple,Multiple
0.9677419,0.4869565,Multiple,Multiple
0.9677419,0.17757009,Multiple,Multiple
0.9677419,0.35532996,Multiple,M01AE
0.45801526,0.15891473,Multiple,Multiple
0.9677419,0.124060154,Multiple,Multiple
0.9677419,0.42105263,Multiple,S01BC
0.046511628,0.18421052,Multiple,Multiple
0.017730497,0.33956835,Multiple,G04BE
0.017793594,0.22155689,Multiple,G04BE
0.017730497,0.2634271,Multiple,Multiple
0.93609023,0.3510848,Multiple,N04BC
0.8233333,0.30306748,Multiple,Multiple
0.27478755,0.37867647,Multiple,G04BE
0.5787402,0.38718662,Multiple,N04BC
0.5915493,0.28235295,N06AB,N06AB
0.6017699,0.28603604,N06AB,N06AB
0.093333334,0.16180371,N06AB,N06AB
0.31666666,0.32258064,Multiple,Multiple
0.40625,0.24263039,Multiple,Multiple
0.28169015,0.23890063,Multiple,Multiple
0.45,0.23642732,Multiple,Multiple
0.14705883,0.33248731,Multiple,Multiple
0.45,0.24144487,Multiple,S01GX
0.45,0.21444201,Multiple,Multiple
0.45,0.22247706,Multiple,R01AC
0.53061223,0.21413276,R06AX,Multiple
0.4262295,0.33333334,R06AX,Multiple
0.9285714,0.271777,R06AX,R06AX
0.9285714,0.86419755,R06AX,R06AX
0.9285714,0.2413793,R06AX,Multiple
0.9285714,0.30267063,R06AX,R06AX
0.1632653,0.53846157,M05BA,Multiple
0.1724138,0.21495327,M05BA,M05BA
0.4,0.74125874,Multiple,S01HA
0.4,0.68125,Multiple,Multiple
0.3859649,0.24299066,Multiple,Multiple
0.375,0.16284987,Multiple,C01BA
0.37349397,0.2662722,Multiple,C01BA
0.4,0.6605505,Multiple,Multiple
0.91549295,0.79562044,Multiple,N01BA
0.37349397,0.11623246,Multiple,Multiple
0.725,0.6042654,C09AA,C09AA
0.725,0.523166,C09AA,C09AA
0.62,0.46089387,C09AA,C09AA
0.725,0.6252505,C09AA,C09AA
0.725,0.6089613,C09AA,C09AA
0.16763006,0.29007635,C01CA,C01CA
0.3478261,0.36453202,C01CA,C01CA
0.17486338,0.4532374,C01CA,C01CA
0.20512821,0.45238096,C01CA,Multiple
0.34408602,0.36206895,C01CA,C01CA
0.065789476,0.3647059,C01CA,Multiple
0.96153843,0.32876712,C01CA,C01CA
0.048076924,0.21305841,D06BB,D06BB
0.10843374,0.10483871,A02BX,Multiple
0.58450705,0.23938224,N06AA,N06AA
0.33916083,0.2124183,N06AA,N06AA
0.5105263,1.0,N06AA,N06AA
0.3073593,0.80930233,N06AA,N06AA
0.94285715,0.22277227,C01DA,C01DA
0.31428573,0.22613065,C01DA,C01DA
0.94285715,0.6,C01DA,C01DA
0.6888889,0.2454955,M03AC,Multiple
0.75555557,0.22727273,M03AC,M03AC
0.52307695,0.22606924,M03AC,M03AC
0.6296296,0.8418803,M03AC,M03AC
0.6296296,0.7081712,M03AC,M03AC
0.6888889,0.8418803,M03AC,M03AC
0.78125,0.20080322,A03AB,A03AB
0.75757575,0.20080322,A03AB,A03AB
0.78125,0.2457627,A03AB,A03AB
0.9259259,0.33766234,A03AB,A03AB
0.78125,0.26760563,A03AB,A03AB
0.9863946,0.30645162,A10BX,A10BX
0.9863946,0.4390244,A10BX,A10BX
0.8611111,0.8333333,Multiple,M03AC
0.5535714,0.7506297,Multiple,M03AC
0.6888889,0.22429906,Multiple,M03AC
0.6888889,0.22018349,Multiple,M03AC
0.93939394,0.22429906,Multiple,M03AC
0.16541353,0.057142857,V03AB,Multiple
0.10714286,0.072463766,V03AB,Multiple
0.115384616,0.07720588,V03AB,V03AB
0.0862069,0.11777778,V03AB,V03AB
0.083333336,0.16161616,V03AB,V03AB
0.19117647,0.07070707,V03AB,V03AB
0.75535166,0.34477124,N05AX,N05AX
0.95604396,0.95131844,N05AX,N05AX
0.85714287,0.5963303,D01AE,Multiple
0.052173913,0.05882353,D01AE,Multiple
0.85714287,0.78571427,D01AE,D01AE
0.13846155,0.14772727,D01AE,Multiple
0.94736844,0.8148148,Multiple,A02BC
0.74285716,0.74380165,R06AE,Multiple
0.075,0.041666668,N07XX,Multiple
0.13333334,0.18599562,N07XX,N07XX
0.35555556,0.5401786,Multiple,Multiple
0.35555556,0.6419214,Multiple,Multiple
0.35555556,0.4609375,Multiple,D07AB
0.35555556,0.66483516,Multiple,Multiple
0.35555556,0.55707765,Multiple,S01BA
0.35555556,0.6011236,Multiple,Multiple
0.35555556,0.6302083,Multiple,Multiple
0.35555556,0.3631124,Multiple,Multiple
0.35555556,0.34117648,Multiple,Multiple
0.08928572,0.42384106,Multiple,Multiple
0.32330826,0.5776699,Multiple,Multiple
0.35555556,0.45519713,Multiple,Multiple
0.35555556,0.55504584,Multiple,H02AB
0.35555556,0.3986711,Multiple,D07AC
0.30864197,0.18543047,N06BA,N06BA
0.22619048,0.18404908,N06BA,N06BA
0.2753623,0.16608997,N06BA,N06BA
0.16759777,0.22457626,Multiple,N05CM
0.7894737,0.20470588,Multiple,S01FA
0.7894737,0.38055557,Multiple,S01FA
0.29545453,0.33925685,Multiple,A04AD
0.9285714,0.3392857,R06AA,R06AA
0.9285714,0.46766168,R06AA,Multiple
0.65,0.36480686,R06AA,Multiple
0.9285714,0.42410713,R06AA,Multiple
0.6086956,0.7180851,N01BB,N01BB
0.6086956,0.6136364,N01BB,N01BB
0.37179488,0.21861471,Multiple,Multiple
0.5,0.25995806,Multiple,Multiple
0.53061223,0.20567375,Multiple,R06AX
0.53061223,0.22040816,Multiple,R06AX
0.53061223,0.26048952,Multiple,Multiple
0.13095239,0.1440678,Multiple,Multiple
0.53061223,0.2556391,Multiple,S01GX
0.53061223,0.22055675,Multiple,Multiple
0.53061223,0.33638445,Multiple,R06AX
0.25,0.43617022,N06AF,N06AF
0.85714287,0.15555556,N06AF,N06AF
0.23350254,0.325,N01AB,N01AB
0.9872612,0.65625,N01AB,N01AB
0.9872612,0.61764705,N01AB,N01AB
0.95652175,0.6423358,N03AB,N03AB
0.0625,0.16613418,Multiple,L01XX
0.065789476,0.06504065,Multiple,L01XX
0.0625,0.18003565,Multiple,L01XX
0.22131148,0.016129032,Multiple,L01XX
0.39215687,0.27058825,Multiple,L01XX
0.2215909,0.15346535,Multiple,L01XX
0.9512195,0.29213482,A04AA,A04AA
0.7358491,0.30864197,A04AA,A04AA
0.08219178,0.30604288,B01AC,B01AC
0.06593407,0.11111111,B01AC,Multiple
0.10714286,0.22222222,B01AC,B01AC
0.056818184,0.21263158,B01AC,B01AC
0.3,0.28769496,B01AC,B01AC
0.067567565,0.24270073,B01AC,B01AC
0.8333333,0.5876494,B01AC,B01AC
0.8333333,0.34450403,B01AC,B01AC
0.10769231,0.14834206,Multiple,Multiple
0.08571429,0.9006969,Multiple,Multiple
0.13548388,0.2512,Multiple,Multiple
0.12371134,0.2857143,Multiple,Multiple
0.39130434,0.019512195,L01XX,L01XX
0.8947368,0.8528,L01XX,L01XX
0.0375,0.011382114,L01XX,L01XX
0.09411765,0.34687954,L01XX,L01XX
0.09210526,0.1480315,L01XX,L01XX
0.8888889,0.44256756,Multiple,Multiple
0.8888889,0.7184466,Multiple,Multiple
0.8888889,0.6851852,Multiple,Multiple
0.8888889,0.45152354,Multiple,Multiple
0.8888889,0.42391303,Multiple,Multiple
0.1724138,0.5125786,Multiple,Multiple
0.120300755,0.6785714,Multiple,Multiple
0.8888889,0.5439189,Multiple,Multiple
0.8888889,0.45658264,Multiple,R03BA
0.8888889,0.48427674,Multiple,D07AC
0.33707866,0.32941177,Multiple,Multiple
0.43333334,0.19916143,Multiple,Multiple
0.1521739,0.23343849,Multiple,Multiple
0.43333334,0.15077606,Multiple,S01GX
0.43333334,0.27190334,Multiple,Multiple
0.43333334,0.18397626,Multiple,R01AC
0.8888889,0.4864865,Multiple,Multiple
0.8888889,0.4849624,Multiple,Multiple
0.8888889,0.47606382,Multiple,Multiple
0.8888889,0.46206897,Multiple,Multiple
0.1724138,0.48405796,Multiple,Multiple
0.120300755,0.45357144,Multiple,Multiple
0.8888889,0.4969325,Multiple,Multiple
0.8888889,0.5335366,Multiple,D07AC
0.10869565,0.16548797,Multiple,G04BE
0.11111111,0.14170693,Multiple,G04BE
0.10869565,0.14836796,Multiple,Multiple
0.05940594,0.23180076,Multiple,G04BE
0.8918919,0.35751295,C03AA,Multiple
0.8918919,0.664557,C03AA,C03AA
0.5762712,0.58536583,C03AA,C03AA
0.6216216,0.5296912,C03AA,C03AA
0.14074074,0.17220543,B01AC,Multiple
0.10185185,0.21314742,B01AC,B01AC
0.13636364,0.21800947,B01AC,B01AC
0.09210526,0.362,B01AC,B01AC
0.1826087,0.29227558,B01AC,B01AC
0.08219178,0.3611111,B01AC,B01AC
0.08219178,0.3033241,B01AC,B01AC
0.25,0.15763547,N06AF,N06AF
0.90909094,1.0,A03AB,A03AB
0.9375,0.41724136,A03AB,A03AB
0.78125,0.2868526,A03AB,A03AB
0.9375,0.4827586,A03AB,A03AB
0.87096775,0.89285713,Multiple,G03CA
0.9782609,0.99014777,Multiple,Multiple
0.8450704,0.6956522,M01AG,Multiple
0.71428573,0.11923077,Multiple,Multiple
0.9677419,0.39181286,Multiple,M01AE
0.8450704,0.22380953,Multiple,Multiple
0.9677419,0.21111111,Multiple,M01AE
0.9677419,0.5403226,Multiple,Multiple
0.9677419,0.4117647,Multiple,Multiple
0.9677419,0.32718894,Multiple,M01AE
0.45801526,0.15107913,Multiple,Multiple
0.9677419,0.1764706,Multiple,Multiple
0.9354839,0.44649446,C09AA,C09AA
0.6744186,0.4674221,C09AA,C09AA
0.9354839,0.51789075,C09AA,C09AA
0.9354839,0.5332031,C09AA,C09AA
0.18181819,0.2369338,Multiple,Multiple
0.9285714,0.15,Multiple,Multiple
0.9285714,0.14942528,Multiple,Multiple
0.9285714,0.20477815,Multiple,Multiple
0.9285714,0.8465116,Multiple,Multiple
0.9285714,0.92385787,Multiple,Multiple
0.83870965,0.18539326,Multiple,Multiple
0.9285714,0.3251366,Multiple,Multiple
0.14851485,0.06622516,Multiple,Multiple
0.115384616,0.13826367,Multiple,Multiple
0.115384616,0.13265306,Multiple,Multiple
0.115384616,0.12556054,Multiple,Multiple
0.115384616,0.13381995,Multiple,Multiple
0.76666665,0.33546326,A07EC,A07EC
0.037209302,0.35433072,A07EC,A07EC
0.9574468,0.4540636,C09CA,C09CA
0.32142857,0.49162012,C09CA,C09CA
0.9574468,0.3612663,C09CA,C09CA
0.59210527,0.3909396,C09CA,C09CA
0.08805031,0.05882353,Multiple,Multiple
0.2451613,0.22566372,D05AX,D05AX
0.24444444,0.41295546,C01CA,C01CA
0.38157895,0.33658537,C01CA,C01CA
0.19008264,0.44292238,C01CA,Multiple
0.24309392,0.4057971,C01CA,C01CA
0.046242774,0.27196652,C01CA,Multiple
0.16763006,0.254717,C01CA,C01CA
0.7619048,0.84162897,N05BA,Multiple
0.9142857,0.7226891,N05BA,N05BA
0.9142857,0.49158248,N05BA,N05BA
0.9411765,0.7663934,N05BA,N05BA
0.41463414,0.30782917,N05BA,N05BA
0.9411765,0.812749,N05BA,N05BA
0.041322313,0.19548872,N05BA,N05BA
0.959596,0.4943182,N01AH,Multiple
0.959596,0.60227275,N01AH,N01AH
0.97938144,0.23284313,N01AH,N01AH
0.4142395,0.25879917,N06AX,N06AX
0.16078432,0.15204678,N06AX,N06AX
0.4152824,0.29280397,N06AX,N06AX
0.16078432,0.16612378,N06AX,N06AX
0.93333334,0.75438595,S01HA,Multiple
0.31111112,0.25730994,S01HA,Multiple
0.20895523,0.39597315,C03BA,C03BA
0.9375,0.27715355,S01FA,S01FA
0.6451613,0.121107265,Multiple,Multiple
0.71428573,0.112068966,Multiple,Multiple
0.71428573,0.121212125,Multiple,Multiple
0.39215687,0.15868263,Multiple,Multiple
0.71428573,0.15868263,Multiple,Multiple
0.97979796,0.61245674,Multiple,N01AH
0.959596,0.3410596,Multiple,N01AH
0.9677419,0.3968,M01AC,M01AC
0.16428572,0.19631901,N01AX,Multiple
0.34210527,0.13432837,N01AX,Multiple
0.2535211,0.14990138,S01EC,S01EC
0.2535211,0.12173913,S01EC,S01EC
0.2535211,0.14018692,S01EC,S01EC
0.9142857,0.45808735,G04BE,G04BE
0.74358976,0.26279393,G04BE,Multiple
0.074418604,0.54425365,G04BE,G04BE
0.78571427,0.8382353,Multiple,N05BA
0.78571427,0.54545456,Multiple,N05BA
0.7619048,0.8857143,Multiple,N05BA
0.5714286,0.2962963,Multiple,N05BA
0.7619048,0.7948718,Multiple,N05BA
0.03875969,0.20435968,Multiple,N05BA
0.68390805,0.6511628,N05AB,N05AB
0.55172414,0.6822742,N05AB,N05AB
0.61702126,0.57102275,N05AB,N05AB
0.31707317,0.7574257,Multiple,Multiple
0.60465115,0.8547486,Multiple,R06AB
0.6744186,0.46503496,Multiple,Multiple
0.6315789,0.4979424,Multiple,A07DA
0.6181818,0.1497006,N03AG,N03AG
0.120300755,0.6666667,D07AB,Multiple
0.8888889,0.50931674,D07AB,Multiple
0.21527778,0.39733332,A10BB,A10BB
0.09876543,0.38541666,A10BB,A10BB
0.51666665,0.5222672,A10BB,Multiple
0.51666665,0.3102041,A10BB,A10BB
0.51666665,0.6063218,A10BB,A10BB
0.29508197,0.47916666,C01CA,C01CA
0.5217391,0.613924,C01CA,Multiple
0.96,0.6432161,C01CA,C01CA
0.05102041,0.36516854,C01CA,Multiple
0.3478261,0.4236111,C01CA,C01CA
0.94285715,0.5451128,N05BA,N05BA
0.9142857,0.75770926,N05BA,N05BA
0.4047619,0.2875458,N05BA,N05BA
0.9142857,0.6987952,N05BA,N05BA
0.040983606,0.20923913,N05BA,N05BA
0.9375,0.3126935,N06DA,N06DA
0.9569892,0.77380955,N03AA,Multiple
0.829932,0.7083333,N05AB,N05AB
0.67403316,0.6325301,N05AB,N05AB
0.17857143,0.7058824,L01XD,L01XD
0.052173913,0.04587156,Multiple,Multiple
0.85714287,0.511811,Multiple,D01AE
0.13846155,0.1171875,Multiple,Multiple
0.8888889,0.7948718,Multiple,S01BA
0.8888889,0.8607595,Multiple,Multiple
0.8888889,0.939759,Multiple,Multiple
0.8888889,0.43880597,Multiple,Multiple
0.8888889,0.46861926,Multiple,Multiple
0.1724138,0.55123675,Multiple,Multiple
0.120300755,0.7860963,Multiple,Multiple
0.8888889,0.6023166,Multiple,Multiple
0.8888889,0.8125,Multiple,H02AB
0.8888889,0.5140845,Multiple,D07AC
0.6896552,0.6603774,N02BA,Multiple
0.6896552,0.34313726,N02BA,Multiple
0.9677419,0.6603774,N02BA,Multiple
0.9677419,0.32407406,N02BA,N02BA
0.71794873,0.25274727,G04BE,Multiple
0.07476635,0.37958115,G04BE,G04BE
0.875,0.18069308,Multiple,A02BA
0.08571429,0.09508197,Multiple,Multiple
0.875,0.22506393,Multiple,A02BA
0.20610687,0.44117647,C07AA,Multiple
0.94736844,0.47333333,C07AA,C07AA
0.94736844,0.6698565,C07AA,C07AA
0.94736844,0.5706522,C07AA,C07AA
0.129771,0.38590604,C07AA,C07AA
0.9350649,0.53266335,C07AA,C07AA
0.85333335,0.6890244,G02CA,Multiple
0.9,0.118393235,S01EC,S01EC
0.9,0.49829933,S01EC,S01EC
0.9677419,0.14046822,M01AE,M01AE
0.9677419,0.5298507,M01AE,Multiple
0.9677419,0.3918919,M01AE,Multiple
0.9677419,0.6685083,M01AE,M01AE
0.969697,0.41474655,Multiple,R03AC
0.969697,0.39534885,Multiple,R03AC
0.8648649,0.67164177,Multiple,Multiple
0.969697,0.34126985,Multiple,R03AC
0.85333335,0.77952754,Multiple,Multiple
0.8648649,0.39901477,Multiple,Multiple
0.969697,0.2951389,Multiple,Multiple
0.71910113,0.53061223,Multiple,Multiple
0.969697,0.50510204,Multiple,R03CC
0.969697,0.28391168,Multiple,R03AC
0.8888889,0.6938776,S01BA,Multiple
0.120300755,0.66071427,S01BA,Multiple
0.8888889,0.61209965,S01BA,Multiple
0.32142857,0.58034027,C09CA,C09CA
0.9574468,0.27666667,C09CA,C09CA
0.59210527,0.32110092,C09CA,C09CA
0.15189873,0.30851063,L04AA,L04AA
0.18518518,0.17295597,L04AA,L04AA
0.9722222,0.9774306,L04AA,Multiple
0.9444444,0.46745563,Multiple,C03AA
0.55,0.42307693,Multiple,C03AA
0.6666667,0.37668163,Multiple,C03AA
0.6744186,0.29098362,C09AA,C09AA
0.9354839,0.5402685,C09AA,C09AA
0.9354839,0.5681818,C09AA,C09AA
0.31428573,0.98421055,C01DA,C01DA
0.94285715,0.4108911,C01DA,C01DA
0.7358491,0.27442828,A04AA,A04AA
0.73913044,0.1495327,Multiple,Multiple
0.31111112,0.2857143,Multiple,Multiple
0.93333334,0.45,Multiple,Multiple
0.8888889,0.8095238,Multiple,Multiple
0.120300755,0.7752809,Multiple,Multiple
0.8888889,0.53281856,Multiple,Multiple
0.8888889,0.71875,Multiple,H02AB
0.9142857,0.8881579,N05CD,N05CD
0.33333334,0.26555023,N05CD,N05CD
0.9142857,0.32857144,N05CD,N05CD
0.9142857,0.33106577,N05CD,N05CD
0.94285715,0.24173027,N05CD,Multiple
0.107913665,0.0132626,Multiple,Multiple
0.1036036,0.054054055,Multiple,Multiple
0.052173913,0.046511628,Multiple,D01AE
0.18390805,0.011583012,Multiple,V03AB
0.10714286,0.013793103,Multiple,V03AB
0.10144927,0.039215688,Multiple,V03AB
0.07643312,0.10810811,Multiple,Multiple
0.14516129,0.15789473,Multiple,V03AB
0.959596,0.2803468,N01AH,N01AH
0.18181819,0.74761903,R06AD,Multiple
0.9285714,0.8584475,R06AD,R06AD
0.9285714,0.8814433,R06AD,Multiple
0.9285714,0.48358208,R06AD,Multiple
0.31111112,0.21070234,Multiple,Multiple
0.08695652,0.16321243,Multiple,Multiple
0.8301887,0.14393939,C01BA,C01BA
0.8301887,0.42397138,C01BA,Multiple
0.24752475,0.18326694,N03AX,N03AX
0.3488372,0.05957447,N03AX,N03AX
0.34146342,0.12451362,N03AX,N03AX
0.36144578,0.10702341,N03AX,N03AX
0.9863946,0.3078759,A10BX,A10BX
0.22105263,0.77348065,G02AD,G02AD
0.72727275,0.4623656,N02CC,N02CC
0.7804878,0.46373057,N02CC,N02CC
0.9411765,0.40552995,N02CC,N02CC
0.4262295,0.3255814,Multiple,R06AX
0.4262295,0.33424658,Multiple,R06AX
0.4262295,0.2896406,Multiple,Multiple
0.114583336,0.13492064,Multiple,Multiple
0.4262295,0.20824295,Multiple,S01GX
0.4262295,0.2679558,Multiple,Multiple
0.4262295,0.33239436,Multiple,R06AX
0.25555557,0.1948718,Multiple,N07BC
0.032608695,0.19298245,C04AX,C04AX
0.08571429,0.09602649,A02BA,Multiple
0.875,0.16953316,A02BA,A02BA
0.25757575,0.5543478,N05AC,N05AC
0.7266187,0.52882206,N05AC,N05AC
0.3774319,0.2112676,N06AA,N06AA
0.60248446,0.23938224,N06AA,N06AA
0.32524273,0.22711864,N06AA,N06AA
0.031446543,0.29017857,Multiple,Multiple
0.95683455,0.8368421,Multiple,Multiple
0.9851852,0.6243655,Multiple,Multiple
0.9770115,0.41666666,Multiple,Multiple
0.6896552,1.0,Multiple,Multiple
0.6896552,0.3888889,Multiple,N02BA
0.63829786,0.27857143,A08AA,A08AA
0.34210527,0.23312883,A08AA,A08AA
0.969697,0.4152249,R03AC,R03AC
0.8648649,0.60096157,R03AC,Multiple
0.969697,0.38390094,R03AC,R03AC
0.85333335,0.4955357,R03AC,Multiple
0.8648649,0.37412587,R03AC,Multiple
0.969697,0.38108882,R03AC,Multiple
0.71910113,0.3467742,R03AC,Multiple
0.969697,0.40599456,R03AC,R03AC
0.8450704,0.20430107,Multiple,Multiple
0.8450704,0.15384616,Multiple,Multiple
0.459854,0.412,Multiple,Multiple
0.8450704,0.19256757,Multiple,Multiple
0.90909094,0.41724136,A03AB,A03AB
0.75757575,0.2868526,A03AB,A03AB
0.90909094,0.4827586,A03AB,A03AB
0.9375,0.30324075,S01EB,Multiple
0.09859155,0.21306819,S01EB,Multiple
0.9375,0.61497325,S01EB,Multiple
0.10483871,0.098870054,Multiple,B01AC
0.20422535,0.1891892,Multiple,Multiple
0.055045873,0.57575756,Multiple,Multiple
0.05,0.13513513,Multiple,B01AC
0.07446808,0.16414142,Multiple,B01AC
0.124087594,0.11142062,Multiple,B01AC
0.6896552,0.41666666,Multiple,Multiple
0.6896552,0.6111111,Multiple,N02BA
0.06593407,0.12445415,Multiple,B01AC
0.06593407,0.08421053,Multiple,B01AC
0.3114754,0.13114753,N03AX,N03AX
0.2982456,0.30882353,N03AX,N03AX
0.3275862,0.11111111,N03AX,N03AX
0.9285714,0.24528302,R06AX,R06AX
0.9285714,0.2327791,R06AX,Multiple
0.9285714,0.3263889,R06AX,R06AX
0.8863636,0.4201031,N02CC,N02CC
0.72727275,0.40898344,N02CC,N02CC
0.7804878,0.43822843,N02CC,N02CC
0.96938777,0.77866244,R05DA,Multiple
0.97183096,0.5308642,G03AA,G03AA
0.8888889,0.46865672,Multiple,Multiple
0.8888889,0.46747968,Multiple,Multiple
0.1724138,0.54295534,Multiple,Multiple
0.120300755,0.7461929,Multiple,Multiple
0.8888889,0.5917603,Multiple,Multiple
0.8888889,0.8645833,Multiple,H02AB
0.8888889,0.5492958,Multiple,D07AC
0.1908397,0.3286908,Multiple,C07AA
0.1908397,0.37142858,Multiple,C07AA
0.1908397,0.4529148,Multiple,C07AA
0.85714287,0.7297297,Multiple,C07AA
0.18939394,0.47826087,Multiple,C07AA
0.93333334,0.8545455,N01BB,N01BB
0.5555556,0.33037037,N05CF,N05CF
0.32142857,0.2783505,C09CA,C09CA
0.30487806,0.3197492,C09CA,C09CA
0.9285714,0.25672877,R06AX,Multiple
0.9285714,0.28767124,R06AX,R06AX
0.27586207,0.22836095,A03AE,A03AE
0.121212125,0.1509434,Multiple,Multiple
0.9285714,0.24677716,Multiple,S01GX
0.9285714,0.24784483,Multiple,Multiple
0.9285714,0.25902337,Multiple,R06AX
0.9285714,0.18008475,Multiple,R01AC
0.25,0.17073171,C10AX,C10AX
0.09016393,0.13686535,B01AC,B01AC
0.24528302,0.2843691,B01AC,B01AC
0.10185185,0.21568628,B01AC,B01AC
0.10714286,0.25170067,B01AC,B01AC
0.10714286,0.33997154,B01AC,B01AC
0.87096775,0.88495576,G03CA,Multiple
0.96428573,0.9098712,Multiple,Multiple
0.96428573,0.55837566,Multiple,Multiple
0.96428573,0.61002785,Multiple,Multiple
0.96428573,0.8792453,Multiple,J01MA
0.1,0.23694779,Multiple,Multiple
0.10769231,0.40787402,Multiple,V03AB
0.12727273,0.32300162,Multiple,V03AB
0.21621622,0.07908163,Multiple,V03AB
0.9574468,0.26546392,Multiple,Multiple
0.12676056,0.045454547,Multiple,V03AB
0.8648649,0.4173913,R03AC,Multiple
0.969697,0.8410042,R03AC,R03AC
0.85333335,0.5255814,R03AC,Multiple
0.8648649,0.46212122,R03AC,Multiple
0.969697,0.5993266,R03AC,Multiple
0.71910113,0.37974682,R03AC,Multiple
0.969697,0.58566976,R03AC,R03AC
0.088,0.25565216,Multiple,Multiple
0.16083916,0.28771386,Multiple,Multiple
0.97183096,0.8613445,Multiple,Multiple
0.9285714,0.29012346,R06AA,Multiple
0.65,0.2528409,R06AA,Multiple
0.9285714,0.28862974,R06AA,Multiple
0.78125,0.3140496,A03AB,A03AB
0.9375,0.6465517,A03AB,A03AB
0.32,0.65182185,L01BC,L01BC
0.23868313,0.6216216,C01CA,Multiple
0.29347825,0.37704918,C01CA,C01CA
0.026455026,0.33333334,C01CA,Multiple
0.17486338,0.46067417,C01CA,C01CA
0.9047619,0.1793313,L02BG,L02BG
0.9047619,0.16467066,L02BG,L02BG
0.9677419,0.122137405,M01AE,Multiple
0.9677419,0.1259542,M01AE,Multiple
0.9677419,0.17771085,M01AE,M01AE
0.0746888,0.19438878,L04AX,L04AX
0.6,0.13043478,N03AX,N03AX
0.8611111,0.17006803,N03AX,N03AX
0.96428573,0.9479167,L01DB,L01DB
0.96428573,0.15498155,L01DB,L01DB
0.55,0.8084416,C03AA,C03AA
0.6666667,0.6784741,C03AA,C03AA
0.8648649,0.36842105,Multiple,R03AC
0.96,0.64705884,Multiple,Multiple
0.972973,0.47619048,Multiple,Multiple
0.8648649,0.34343433,Multiple,Multiple
0.80898875,0.4940476,Multiple,Multiple
0.8648649,0.38961038,Multiple,R03CC
0.8648649,0.35736677,Multiple,R03AC
0.121212125,0.16431925,Multiple,S01GX
0.121212125,0.15028901,Multiple,Multiple
0.121212125,0.12238806,Multiple,R01AC
0.39130434,0.021937843,L01XX,L01XX
0.04255319,0.045454547,L01XX,L01XX
0.09876543,0.04113924,L01XX,L01XX
0.05882353,0.11111111,L01XX,L01XX
0.9047619,0.6061947,L02BG,L02BG
0.9677419,0.5436893,Multiple,Multiple
0.9677419,0.38586956,Multiple,M01AE
0.45801526,0.1388889,Multiple,Multiple
0.9677419,0.1124031,Multiple,Multiple
0.041420117,0.5487805,A07EC,A07EC
0.22457626,0.64675325,A10BB,A10BB
0.38356164,0.52715653,A10BB,Multiple
0.38356164,0.6280087,A10BB,A10BB
0.38356164,0.5552941,A10BB,A10BB
0.17460318,0.26025236,Multiple,Multiple
0.31428573,0.3960396,C01DA,C01DA
0.38333333,0.7624021,C03AA,C03AA
0.74626863,0.7030303,C08CA,C08CA
0.4716981,0.6299694,C08CA,C08CA
0.6268657,0.6413044,C08CA,C08CA
0.06818182,0.18734178,L04AA,L04AA
0.15189873,0.3060606,L04AA,Multiple
0.055555556,0.20567375,Multiple,Multiple
0.59210527,0.4789272,C09CA,C09CA
0.0375,0.010948905,L01XX,L01XX
0.09411765,0.29909366,L01XX,L01XX
0.09210526,0.14756945,L01XX,L01XX
0.19277108,0.13256484,M04AB,M04AB
0.14285715,0.19097222,L01BB,L01BB
0.19607843,0.1942959,L01BB,L01BB
0.95652175,0.13087934,C01BA,Multiple
0.9375,0.2542373,G04BD,G04BD
0.9375,0.24836601,G04BD,G04BD
0.9375,0.25115207,G04BD,G04BD
0.9375,0.58844763,G04BD,G04BD
0.16,0.32642487,N04BD,N04BD
0.97727275,0.32124352,C10AB,C10AB
0.6466165,0.43612334,C10AB,C10AB
0.8888889,0.5740181,Multiple,Multiple
0.1724138,0.6963788,Multiple,Multiple
0.120300755,0.5460123,Multiple,Multiple
0.8888889,0.74626863,Multiple,Multiple
0.8888889,0.7595308,Multiple,D07AC
0.9677419,0.2994924,Multiple,M01AE
0.45801526,0.13833992,Multiple,Multiple
0.9677419,0.07865169,Multiple,Multiple
0.5494506,0.702454,C08CA,C08CA
0.8076923,0.8742515,C08CA,C08CA
0.5641026,0.125,C01BB,C01BB
0.96428573,0.55643046,Multiple,Multiple
0.96428573,0.6144928,Multiple,Multiple
0.96428573,0.8,Multiple,J01MA
0.9375,0.20338982,G04BD,G04BD
0.9375,0.2788671,G04BD,G04BD
0.9375,0.28042328,G04BD,G04BD
0.7721519,0.57471263,N05AB,N05AB
0.5289855,0.60655737,Multiple,C01CA
0.030864198,0.47887325,Multiple,Multiple
0.20512821,0.45762712,Multiple,C01CA
0.2654321,0.5140187,A10BB,Multiple
0.2654321,0.55693585,A10BB,A10BB
0.2654321,0.5273973,A10BB,A10BB
0.18181819,0.67826086,Multiple,R06AD
0.18181819,0.09876543,Multiple,Multiple
0.18181819,0.110687025,Multiple,Multiple
0.18181819,0.82978725,Multiple,Multiple
0.18181819,0.22397476,Multiple,Multiple
0.18181819,0.24161074,Multiple,Multiple
0.2027972,0.14722222,Multiple,Multiple
0.18181819,0.5709571,Multiple,Multiple
0.97183096,0.63084114,A11CC,A11CC
0.9285714,0.8028169,R06AD,Multiple
0.9285714,0.46175638,R06AD,Multiple
0.5882353,0.76450515,L01BB,L01BB
0.65,0.610687,Multiple,Multiple
0.9285714,0.7966102,Multiple,Multiple
0.9285714,0.099585064,Multiple,Multiple
0.9285714,0.1402214,Multiple,Multiple
0.9285714,0.1456693,Multiple,Multiple
0.83870965,0.20577617,Multiple,Multiple
0.9285714,0.09668508,Multiple,Multiple
0.3108108,0.38944724,C10AA,C10AA
0.3108108,0.34719336,C10AA,C10AA
0.35714287,0.1826087,Multiple,M05BA
0.9512195,0.95692307,C01AA,Multiple
0.9285714,0.19004525,S01GX,Multiple
0.1,0.1341853,Multiple,Multiple
0.4117647,0.52554744,Multiple,N01BA
0.05940594,0.45289856,P01BA,P01BA
0.054347824,0.19795918,B01AC,B01AC
0.4563107,0.33587787,B01AC,B01AC
0.056818184,0.19589552,B01AC,B01AC
0.056818184,0.19464034,B01AC,B01AC
0.16216215,0.92616373,C02AA,C02AA
0.13846155,0.12264151,D01AE,Multiple
0.92,0.40694788,C10AA,C10AA
0.18518518,0.1745283,L04AA,Multiple
0.57222223,0.3728395,N05AG,N05AG
0.05050505,0.4611399,C01CA,Multiple
0.34408602,0.33333334,C01CA,C01CA
0.38053098,0.36312848,N06AB,N06AB
0.11764706,0.1952862,N06AB,N06AB
0.5394737,0.36094674,A08AA,A08AA
0.9285714,0.18023255,Multiple,R01AC
0.88235295,0.17073171,N05CE,N05CE
0.6268657,1.0,Multiple,Multiple
0.0945946,0.39276487,Multiple,Multiple
0.088,0.2375,Multiple,Multiple
0.15686275,0.19433199,Multiple,Multiple
0.06944445,0.21594684,Multiple,G04BE
0.23809524,0.29508197,Multiple,A03AD
0.3880597,0.8693182,Multiple,R06AB
0.37142858,0.45964912,Multiple,Multiple
0.46153846,0.63114756,C08CA,C08CA
0.3478261,0.21065989,P01AX,P01AX
0.1764706,0.14869888,C01BD,C01BD
0.6486486,0.109947644,N03AX,N03AX
0.9574468,0.15929204,N07AA,Multiple
0.96666664,0.38283062,Multiple,A10BB
0.96666664,0.3864865,Multiple,A10BB
0.7,0.6201117,G04CB,Multiple
0.09803922,0.20930232,Multiple,Multiple
0.1724138,0.54692554,Multiple,Multiple
0.8888889,0.57093424,Multiple,Multiple
0.8888889,0.55813956,Multiple,D07AC
0.60714287,0.790404,M03AC,M03AC
0.75555557,0.20627803,M03AC,M03AC
0.75555557,0.20264317,M03AC,M03AC
0.8611111,0.20627803,M03AC,M03AC
0.96428573,0.9055118,Multiple,Multiple
0.96428573,0.5794621,Multiple,J01MA
0.49103943,0.2124183,N06AA,N06AA
0.46101695,0.21176471,N06AA,N06AA
0.9,0.11422846,S01EC,S01EC
0.65,0.516129,Multiple,Multiple
0.9375,0.2744681,G04BD,G04BD
0.9375,0.3297587,G04BD,G04BD
0.23529412,0.20264317,N06AX,N06AX
0.86082476,0.29174665,N06AX,N06AX
0.23529412,0.15384616,N06AX,N06AX
0.4628821,0.80930233,N06AA,N06AA
0.23350254,0.1891892,N01AB,N01AB
0.23350254,0.17948718,N01AB,N01AB
0.96428573,0.5926893,Multiple,J01MA
0.06410257,0.26047358,B01AC,B01AC
0.3,0.34891486,B01AC,B01AC
0.3,0.352,B01AC,B01AC
0.21428572,0.009345794,L01XX,L01XX
0.21086262,0.016260162,L01XX,L01XX
0.9354839,0.1442786,Multiple,C02CC
0.059322033,0.16513762,N06AB,N06AB
0.96428573,0.16023166,L01DB,L01DB
0.88,0.3123123,C01BC,C01BC
0.88,0.31012657,C01BC,C01BC
0.11764706,0.30906594,V03AB,V03AB
0.07575758,0.05214153,V03AB,V03AB
0.09090909,0.05703422,V03AB,V03AB
0.65873015,0.29012346,A03FA,A03FA
0.7980769,0.27764127,A03FA,A03FA
0.47260273,0.5555556,G03BA,G03BA
0.47260273,0.73493975,G03BA,Multiple
0.87205386,0.44783118,N04BC,Multiple
0.55893534,0.3778234,N04BC,N04BC
0.9872612,0.84,N01AB,N01AB
0.11564626,0.42192692,C07AB,C07AB
0.06306306,0.70089287,C07AB,C07AB
0.13178295,0.35511363,C07AB,C07AB
0.95652175,0.26902175,C01BC,C01BC
0.19251336,0.14933333,L01XX,L01XX
0.6744186,0.30923694,C09AA,C09AA
0.6744186,0.37772927,C09AA,C09AA
0.48821548,0.25810325,Multiple,N04BC
0.972973,0.61538464,C07AA,C07AA
0.972973,0.3601286,C07AA,C07AA
0.13178295,0.3180723,C07AA,C07AA
0.96,0.39808917,C07AA,C07AA
0.13207547,0.07349666,V03AB,V03AB
0.11111111,0.053452116,V03AB,V03AB
0.972973,0.46875,S01ED,S01ED
0.083333336,0.049382716,V03AB,V03AB
0.34146342,0.26923078,N05CD,N05CD
0.9411765,0.32994923,N05CD,N05CD
0.9411765,0.32932693,N05CD,N05CD
0.9142857,0.24725275,N05CD,Multiple
0.06153846,0.0040983604,Multiple,Multiple
0.08527132,0.11486486,Multiple,Multiple
0.056737587,0.50162864,Multiple,Multiple
0.1724138,0.91519433,Multiple,Multiple
0.1724138,0.878882,Multiple,R03BA
0.1724138,0.5779037,Multiple,D07AC
0.8947368,0.97235024,R03DA,R03DA
0.8684211,0.8995434,R03DA,Multiple
0.76785713,0.20886075,M03AC,M03AC
0.76785713,0.21548118,M03AC,M03AC
0.5535714,0.20886075,M03AC,M03AC
0.7757009,0.4143302,A03FA,A03FA
0.120300755,0.5441696,Multiple,Multiple
0.120300755,0.7703349,Multiple,H02AB
0.9285714,0.115830116,Multiple,Multiple
0.9285714,0.14827587,Multiple,Multiple
0.9285714,0.14545454,Multiple,Multiple
0.83870965,0.21768707,Multiple,Multiple
0.9285714,0.11081794,Multiple,Multiple
0.7289157,0.35303515,N05AX,N05AX
0.65865386,0.5245283,N05AF,N05AF
0.556391,0.7512195,N05AF,N05AF
0.067567565,0.25801012,B01AC,B01AC
0.067567565,0.29347825,B01AC,B01AC
0.6466165,0.29118773,C10AB,C10AB
0.9285714,0.19504644,Multiple,Multiple
0.9285714,0.21052632,Multiple,Multiple
0.83870965,0.13850416,Multiple,Multiple
0.9285714,0.50476193,Multiple,Multiple
0.96666664,0.4809886,A10BB,A10BB
0.38547486,0.36334914,L01XE,L01XE
0.6375,0.32723948,L01XE,L01XE
0.27741936,0.33868808,L01XE,Multiple
0.32967034,0.39169675,L01XE,L01XE
0.27741936,0.34533334,L01XE,L01XE
0.36898395,0.34501845,L01XE,L01XE
0.31506848,0.34630874,L01XE,Multiple
0.31111112,0.38958707,L01XE,L01XE
0.31506848,0.34933335,L01XE,L01XE
0.8888889,0.8043478,Multiple,R03BA
0.8888889,0.55847955,Multiple,D07AC
0.9444444,0.22012578,A10BH,A10BH
0.9444444,0.25636008,A10BH,A10BH
0.20467836,0.25507247,L01XE,Multiple
0.31578946,0.42505592,L01XE,L01XE
0.20467836,0.25,L01XE,L01XE
0.85333335,0.45238096,R03AC,Multiple
0.8648649,0.42281878,R03AC,Multiple
0.969697,0.6710098,R03AC,Multiple
0.71910113,0.33699635,R03AC,Multiple
0.969697,0.6279762,R03AC,R03AC
0.9677419,0.18730159,M01AH,M01AH
0.96,0.43119267,Multiple,Multiple
0.85333335,0.35016835,Multiple,Multiple
0.8202247,0.4882353,Multiple,Multiple
0.85333335,0.46818182,Multiple,R03CC
0.85333335,0.37223974,Multiple,R03AC
0.8648649,0.39513677,Multiple,Multiple
0.80898875,0.3580786,Multiple,Multiple
0.8648649,0.30927834,Multiple,R03CC
0.8648649,0.3809524,Multiple,R03AC
0.08571429,0.12881356,Multiple,A02BA
0.47826087,0.41015625,C07AB,C07AB
0.7826087,0.428125,C07AB,C07AB
0.16891892,0.12631579,M01AX,Multiple
0.22352941,0.11072665,M01AX,Multiple
0.5945946,0.36212623,C07AB,C07AB
0.92105263,0.8755556,R03DA,Multiple
0.95555556,0.7826087,M03AC,M03AC
0.6888889,1.0,M03AC,M03AC
0.6888889,0.7826087,M03AC,M03AC
0.9354839,0.56558776,C09AA,C09AA
0.978022,0.66,N05CA,N05CA
0.978022,0.55128205,N05CA,N05CA
0.978022,0.44329897,N05CA,Multiple
0.978022,0.4390244,N05CA,N05CA
0.978022,0.35643566,N05CA,Multiple
0.978022,0.7241379,N05CA,Multiple
0.972973,0.4864865,C07AA,C07AA
0.13178295,0.32748538,C07AA,C07AA
0.96,0.44769874,C07AA,C07AA
0.065789476,0.61616164,Multiple,C01CA
0.030674847,0.32307693,Multiple,Multiple
0.031446543,0.36309522,Multiple,Multiple
0.71910113,0.3029316,Multiple,Multiple
0.969697,0.30193907,Multiple,R03CC
0.969697,0.76363635,Multiple,R03AC
0.9677419,0.3888889,Multiple,N02BA
0.9677419,0.22018349,Multiple,S01BC
0.6666667,0.58862877,N05AA,N05AA
0.71910113,0.3644068,Multiple,R03CC
0.71910113,0.28023598,Multiple,R03AC
0.12307692,0.2349138,R03DC,R03DC
0.97183096,0.6787565,G03BA,Multiple
0.082840234,0.3575419,C01CE,C01CE
0.22727273,0.05956113,Multiple,N07XX
0.16083916,0.25039124,Multiple,Multiple
0.34146342,0.5015674,N05CD,N05CD
0.34146342,0.5582822,N05CD,N05CD
0.33333334,0.81777775,N05CD,Multiple
0.9142857,0.51578945,N05BA,N05BA
0.4047619,0.28,N05BA,N05BA
0.9142857,0.47096774,N05BA,N05BA
0.040983606,0.195,N05BA,N05BA
0.41463414,0.3068592,N05BA,N05BA
0.9411765,0.734375,N05BA,N05BA
0.041322313,0.21354167,N05BA,N05BA
0.23243243,0.8181818,N06BA,N06BA
0.375,0.2850679,N06BA,N06BA
0.27272728,0.3484163,N06BA,N06BA
0.13178295,0.3633218,C07AA,C07AA
0.96,0.5543478,C07AA,C07AA
0.41463414,0.30769232,N05BA,N05BA
0.044247787,0.24595469,N05BA,N05BA
0.041322313,0.2039312,N05BA,N05BA
0.9411765,0.6223565,N05CD,N05CD
0.9142857,0.399361,N05CD,Multiple
0.23178808,0.27949437,Multiple,L01XE
0.9722222,0.9776248,Multiple,L01XE
0.9375,0.30876493,G04BD,G04BD
0.9142857,0.44582042,N05CD,Multiple
0.43939394,0.5777778,N05AC,N05AC
0.13432837,0.3,A03AX,A03AX
0.79527557,0.33799535,N05AE,N05AE
0.83870965,0.48301888,R06AB,Multiple
0.65865386,0.63095236,N05AF,N05AF
0.78125,0.33636364,A03AB,A03AB
0.45801526,0.20231214,Multiple,Multiple
0.17283951,0.22988506,N07CA,N07CA
0.23178808,0.2777778,L01XE,L01XE
0.9444444,0.4888179,A10BH,A10BH
0.25,0.18911918,N06AX,N06AX
0.95652175,0.28138527,N06AX,N06AX
0.9756098,0.30830672,B01AE,B01AE
0.25,0.21203439,N06AX,N06AX
0.8333333,0.39243808,B01AC,B01AC
0.9285714,0.79130435,Multiple,Multiple
0.83870965,0.18489583,Multiple,Multiple
0.9285714,0.32142857,Multiple,Multiple
0.95683455,0.7409639,Multiple,Multiple
0.83870965,0.18108109,Multiple,Multiple
0.9285714,0.33333334,Multiple,Multiple
0.83870965,0.19078948,Multiple,Multiple
0.13076924,0.4089347,C07AA,C07AA
